tacticam_track_id,broadcast_track_id,cosine_similarity
1,13,0.8627
2,11,0.7817
3,13,0.7933
4,8,0.7588
5,12,0.7782
6,16,0.7569
7,11,0.824
8,19,0.7339
9,8,0.7759
10,11,0.778
11,18,0.7787
12,16,0.7798
13,14,0.7588
14,12,0.7659
15,12,0.7427
16,16,0.738
17,16,0.7893
18,11,0.8202
19,11,0.7839
20,9,0.7449
21,9,0.7534
1,13,0.8568
2,11,0.8056
3,16,0.8101
4,8,0.8035
5,11,0.7798
6,16,0.8154
7,11,0.822
8,19,0.731
9,8,0.7594
10,18,0.778
11,19,0.7975
12,16,0.8258
13,14,0.7478
14,12,0.7782
15,15,0.7941
16,8,0.7809
17,8,0.7683
18,11,0.8128
19,18,0.7615
20,11,0.8111
21,16,0.8356
22,14,0.7362
1,13,0.8231
2,11,0.8264
3,15,0.8094
4,16,0.8006
5,11,0.779
6,16,0.8454
7,11,0.8201
8,12,0.7681
9,15,0.7632
10,18,0.7754
11,19,0.8146
12,16,0.8025
13,14,0.7931
14,12,0.7929
15,15,0.7902
16,16,0.809
17,8,0.7612
18,11,0.8316
19,12,0.7955
20,12,0.7719
21,16,0.7609
22,14,0.7164
1,13,0.8208
2,18,0.8309
3,13,0.854
4,16,0.8242
5,18,0.7798
6,15,0.7891
7,11,0.817
8,12,0.7385
9,16,0.7732
10,12,0.7954
11,9,0.811
12,16,0.8383
13,26,0.7617
14,18,0.7936
15,16,0.7982
16,8,0.8059
17,8,0.8157
18,11,0.8245
19,18,0.7657
20,11,0.768
21,16,0.8277
22,14,0.7096
1,13,0.8204
2,11,0.7968
3,8,0.8487
4,8,0.7862
5,12,0.8355
6,16,0.8423
7,11,0.8185
8,12,0.7598
9,8,0.7747
10,18,0.826
11,18,0.8151
12,16,0.863
13,26,0.7837
14,12,0.8197
15,16,0.8138
16,16,0.806
17,8,0.8433
18,11,0.8133
19,9,0.7586
20,9,0.7815
21,16,0.805
22,15,0.684
1,13,0.8262
2,11,0.8462
3,8,0.8258
4,8,0.7913
5,12,0.7981
6,15,0.8206
7,12,0.8277
8,12,0.792
9,8,0.8048
10,18,0.8252
11,18,0.8288
12,16,0.7949
13,14,0.7738
14,12,0.8121
15,16,0.806
16,16,0.8275
17,8,0.8087
18,11,0.8189
19,9,0.7798
20,9,0.7694
21,15,0.8157
22,18,0.7097
1,16,0.809
2,11,0.8605
3,15,0.8474
4,8,0.7966
5,12,0.8532
6,15,0.8235
7,11,0.8462
8,12,0.8386
9,8,0.8123
10,9,0.8025
11,18,0.8474
12,15,0.8206
13,14,0.7829
14,12,0.8295
15,15,0.7875
16,16,0.7751
17,8,0.8544
18,18,0.8205
19,12,0.7962
20,11,0.7774
21,16,0.7391
22,12,0.6667
1,13,0.8058
2,11,0.8641
3,15,0.8294
4,8,0.7706
5,12,0.8383
6,16,0.8171
7,11,0.8412
8,12,0.7796
9,8,0.7999
10,18,0.7979
11,19,0.8261
12,15,0.8122
13,26,0.7899
14,21,0.8052
15,16,0.8102
16,16,0.8007
17,8,0.8729
18,11,0.8205
19,12,0.7949
20,18,0.7832
21,8,0.8053
22,26,0.7331
1,16,0.8126
2,11,0.8362
3,15,0.8115
4,8,0.81
5,18,0.8241
6,15,0.8283
7,11,0.8413
8,12,0.8411
9,8,0.831
10,18,0.8429
11,9,0.852
12,15,0.7942
13,14,0.7714
14,12,0.8142
15,15,0.8335
16,16,0.8757
17,8,0.8575
18,11,0.8444
19,11,0.8492
20,21,0.7936
21,16,0.842
22,26,0.7346
1,16,0.8219
2,11,0.8188
3,15,0.8036
4,8,0.8159
5,18,0.8515
6,8,0.824
7,11,0.8563
8,12,0.8614
9,8,0.8069
10,19,0.8408
11,9,0.8505
12,16,0.8156
13,14,0.7971
14,19,0.8192
15,15,0.8248
16,15,0.8377
17,8,0.8569
18,18,0.8488
19,11,0.8581
20,21,0.7922
21,16,0.8353
22,15,0.7711
1,16,0.8033
2,19,0.7998
3,16,0.8766
4,15,0.8314
5,18,0.8216
6,15,0.8053
7,18,0.8202
8,11,0.8387
9,8,0.8237
10,19,0.8822
11,9,0.8702
12,16,0.8757
13,26,0.8501
14,19,0.8404
15,8,0.8283
16,8,0.8163
17,8,0.891
18,12,0.8448
19,11,0.8574
20,31,0.7833
21,8,0.8386
22,19,0.7475
1,16,0.8212
2,11,0.8224
3,16,0.8476
4,8,0.8287
5,18,0.8467
6,15,0.8118
7,18,0.845
8,11,0.829
9,8,0.8453
10,19,0.8641
11,9,0.8663
12,16,0.8871
13,26,0.8457
14,11,0.8209
15,8,0.8334
16,16,0.8359
17,8,0.8785
18,11,0.8478
19,12,0.8276
20,31,0.821
21,15,0.8669
22,19,0.7333
1,16,0.8746
2,11,0.8439
3,16,0.8473
4,8,0.8056
5,9,0.8511
6,21,0.8357
7,11,0.8513
8,12,0.8174
9,8,0.8538
10,19,0.8509
11,9,0.8627
12,16,0.8576
13,26,0.8798
14,11,0.8429
15,8,0.8265
16,8,0.8182
17,15,0.8774
18,11,0.8442
19,11,0.8264
20,12,0.8297
21,15,0.7922
22,19,0.7421
1,16,0.8832
2,18,0.8403
3,16,0.8512
4,8,0.8181
5,9,0.8613
6,15,0.8344
7,18,0.846
8,18,0.8029
9,8,0.839
10,18,0.8529
11,9,0.8589
12,15,0.841
13,14,0.8665
14,11,0.8564
15,8,0.8474
16,8,0.8215
17,8,0.8856
18,11,0.8595
19,11,0.8615
20,11,0.829
21,15,0.7797
22,26,0.8067
1,16,0.877
2,11,0.8682
3,15,0.8775
4,8,0.8256
5,9,0.8501
6,15,0.8691
7,11,0.8559
8,19,0.836
9,8,0.8757
10,9,0.8277
11,9,0.8774
12,16,0.8475
13,14,0.8722
14,11,0.8877
15,16,0.7915
16,8,0.8241
17,8,0.883
18,11,0.878
19,11,0.8764
20,9,0.8293
21,8,0.8376
22,26,0.7941
1,8,0.8672
2,11,0.8789
3,16,0.8384
4,11,0.8012
5,9,0.8494
6,15,0.8419
7,12,0.862
8,19,0.8607
9,16,0.8549
10,19,0.8512
11,9,0.8819
12,16,0.8653
13,26,0.8454
14,11,0.871
15,8,0.8162
16,21,0.8185
17,8,0.8831
18,11,0.8588
19,11,0.8405
20,11,0.8391
21,8,0.8303
22,14,0.8139
1,16,0.8546
2,11,0.8757
3,15,0.8195
4,16,0.8435
5,11,0.8656
6,21,0.8512
7,11,0.8807
8,18,0.8705
9,8,0.8493
10,19,0.8554
11,9,0.8809
12,21,0.8491
13,26,0.8772
14,11,0.869
15,15,0.804
16,8,0.8069
17,8,0.8962
18,11,0.8638
19,11,0.8461
20,21,0.8565
21,21,0.8073
22,14,0.8405
1,8,0.8664
2,19,0.8498
3,15,0.784
4,16,0.8314
5,18,0.8411
6,15,0.8543
7,11,0.9007
8,12,0.8622
9,8,0.8749
10,19,0.8752
11,9,0.897
12,16,0.8651
13,14,0.8448
14,11,0.8696
15,8,0.8502
16,11,0.8223
17,8,0.897
18,11,0.8587
19,11,0.8468
20,21,0.8568
21,8,0.8328
22,14,0.8184
1,16,0.8746
2,11,0.8754
3,16,0.8058
4,26,0.8677
5,11,0.8608
6,15,0.8259
7,11,0.8878
8,12,0.8935
9,8,0.8945
10,19,0.8894
11,9,0.893
12,15,0.874
13,14,0.8646
14,11,0.8538
15,21,0.8373
16,8,0.8408
17,8,0.8531
18,11,0.8862
19,12,0.8814
20,31,0.8311
21,26,0.8772
22,17,0.8321
1,16,0.8736
2,11,0.8235
3,16,0.8652
4,26,0.8916
5,11,0.8672
6,21,0.8205
7,11,0.8744
8,18,0.8829
9,8,0.8821
10,19,0.9067
11,9,0.902
12,15,0.8781
13,26,0.8621
14,11,0.874
15,8,0.8622
16,15,0.8579
17,8,0.8823
18,11,0.8868
19,11,0.8782
20,11,0.851
21,8,0.8823
22,21,0.8146
1,13,0.9074
2,11,0.8813
3,15,0.9229
4,26,0.8974
5,11,0.875
6,21,0.8186
7,11,0.8741
8,12,0.8846
9,8,0.8341
10,19,0.8515
11,9,0.8916
12,15,0.8737
13,26,0.8868
14,11,0.865
15,8,0.843
16,8,0.875
17,8,0.8771
18,11,0.9016
19,11,0.8906
20,11,0.8788
21,8,0.8758
22,17,0.8695
1,16,0.8887
2,11,0.9078
3,8,0.8859
4,26,0.8623
5,11,0.8694
6,21,0.8385
7,18,0.8879
8,12,0.8767
9,8,0.8858
10,18,0.8578
11,9,0.8842
12,16,0.887
13,14,0.8896
14,11,0.8621
15,8,0.851
16,16,0.8682
17,8,0.893
18,11,0.9107
19,9,0.8508
20,11,0.8728
21,16,0.8596
22,31,0.8479
1,16,0.896
2,11,0.8876
3,10,0.8842
4,26,0.8674
5,9,0.8804
6,15,0.8498
7,11,0.8915
8,12,0.8998
9,15,0.8753
10,19,0.8703
11,9,0.8725
12,16,0.8795
13,14,0.8734
14,15,0.8763
15,16,0.8624
16,16,0.8828
17,8,0.8878
18,11,0.8967
19,12,0.8606
20,11,0.8708
21,16,0.8819
22,31,0.8781
1,16,0.8927
2,11,0.8964
3,15,0.9004
4,31,0.8395
5,18,0.9045
6,15,0.8655
7,11,0.8956
8,12,0.8989
9,15,0.8896
10,19,0.8913
11,9,0.8972
12,16,0.8817
13,14,0.9161
14,11,0.8732
15,9,0.8597
16,15,0.8899
17,8,0.9003
18,11,0.9037
19,11,0.8825
20,11,0.8814
21,26,0.8662
22,14,0.861
1,13,0.8765
2,11,0.8887
3,15,0.8611
4,26,0.8943
5,9,0.8837
6,16,0.8569
7,11,0.8974
8,9,0.9168
9,15,0.9097
10,18,0.8895
11,9,0.9169
12,16,0.8785
13,26,0.9264
14,11,0.8922
15,9,0.8558
16,8,0.8462
17,8,0.8856
18,11,0.9116
19,11,0.8624
20,11,0.8729
21,16,0.8549
22,31,0.8569
1,16,0.8745
2,11,0.8827
3,16,0.8983
4,9,0.8662
5,18,0.8992
6,15,0.8756
7,11,0.9034
8,18,0.9161
9,8,0.9034
10,18,0.8942
11,9,0.9192
12,16,0.9242
13,26,0.9174
14,11,0.8946
15,16,0.8917
16,15,0.885
17,8,0.904
18,11,0.906
19,11,0.9043
20,11,0.8865
21,26,0.8807
22,31,0.8737
1,16,0.8654
2,11,0.8981
3,16,0.9068
4,26,0.9228
5,18,0.9052
6,15,0.8743
7,11,0.8973
8,18,0.9085
9,15,0.9018
10,18,0.8998
11,18,0.9056
12,16,0.9238
13,14,0.92
14,11,0.9005
15,26,0.8528
16,8,0.882
17,8,0.8931
18,11,0.9117
19,11,0.8918
20,11,0.8897
21,26,0.9125
22,17,0.8678
1,10,0.8994
2,11,0.8981
3,16,0.9055
4,26,0.8996
5,18,0.9007
6,15,0.8715
7,11,0.9134
8,19,0.9206
9,8,0.8916
10,18,0.9196
11,9,0.8859
12,8,0.8974
13,14,0.8994
14,11,0.8878
15,16,0.8973
16,26,0.8919
17,16,0.8961
18,11,0.8885
19,11,0.8851
20,11,0.9045
21,31,0.8651
22,17,0.9007
1,16,0.9249
2,11,0.8947
3,15,0.9224
4,31,0.8872
5,9,0.8949
6,15,0.8786
7,11,0.9084
8,18,0.9306
9,8,0.909
10,18,0.9166
11,9,0.8928
12,16,0.9018
13,26,0.9046
14,11,0.8975
15,16,0.8849
16,16,0.8834
17,15,0.9094
18,11,0.8957
19,12,0.8946
20,12,0.8979
21,47,0.9055
22,19,0.8629
1,16,0.9164
2,11,0.9098
3,15,0.925
4,31,0.9004
5,19,0.8999
6,15,0.8733
7,18,0.9067
8,18,0.9282
9,8,0.916
10,18,0.9236
11,9,0.9159
12,10,0.8997
13,26,0.896
14,11,0.9176
15,15,0.8982
16,15,0.8783
17,10,0.8971
18,11,0.9179
19,12,0.8855
20,11,0.8991
21,31,0.8992
22,31,0.8703
1,15,0.9091
2,11,0.9049
3,15,0.9119
4,31,0.9232
5,19,0.913
6,16,0.8945
7,18,0.9086
8,18,0.9285
9,16,0.9071
10,18,0.9365
11,9,0.917
12,16,0.9095
13,26,0.8899
14,12,0.9087
15,47,0.9073
16,47,0.8866
17,15,0.9162
18,11,0.9127
19,11,0.8877
20,26,0.9115
21,26,0.9102
22,9,0.8808
1,15,0.9227
2,11,0.9203
3,15,0.906
4,26,0.9178
5,18,0.9187
6,15,0.8905
7,18,0.9
8,18,0.9103
9,16,0.9214
10,18,0.9305
11,9,0.9217
12,15,0.9299
13,31,0.8918
14,11,0.9008
15,16,0.8877
16,16,0.9002
17,8,0.9203
18,11,0.9164
19,9,0.8742
20,9,0.9146
21,15,0.8831
22,31,0.9194
1,15,0.9193
2,11,0.9211
3,16,0.9096
4,26,0.9118
5,18,0.9245
6,15,0.9034
7,18,0.909
8,9,0.9034
9,15,0.9192
10,18,0.9409
11,9,0.9226
12,15,0.9279
13,17,0.9091
14,12,0.9045
15,9,0.9033
16,8,0.9032
17,8,0.9181
18,11,0.9219
19,12,0.9095
20,11,0.9212
21,26,0.9022
22,31,0.9403
1,15,0.9101
2,11,0.9143
3,15,0.9156
4,26,0.9204
5,9,0.925
6,15,0.9103
7,18,0.93
8,9,0.9011
9,15,0.9302
10,19,0.9418
11,12,0.9173
12,15,0.9216
13,17,0.8852
14,11,0.9012
15,26,0.9006
16,16,0.9198
17,8,0.9236
18,21,0.8978
19,11,0.9135
20,9,0.8961
21,15,0.9111
22,31,0.9261
1,15,0.9232
2,11,0.9178
3,8,0.9265
4,31,0.9357
5,11,0.9267
6,15,0.9254
7,18,0.9328
8,11,0.9396
9,9,0.923
10,18,0.8995
11,12,0.9202
12,9,0.9084
13,26,0.9028
14,11,0.9168
15,16,0.9209
16,16,0.9241
17,16,0.9117
18,11,0.9184
19,11,0.908
20,11,0.9149
21,16,0.9024
22,31,0.9101
1,16,0.9445
2,11,0.9277
3,16,0.9118
4,26,0.9438
5,12,0.9261
6,15,0.9139
7,11,0.9277
8,11,0.9321
9,9,0.8969
10,19,0.9271
11,12,0.9084
12,31,0.9233
13,17,0.9022
14,11,0.9182
15,9,0.9099
16,8,0.9171
17,8,0.9249
18,11,0.9234
19,9,0.9067
20,11,0.9215
21,47,0.9045
22,31,0.9014
1,16,0.9526
2,11,0.9114
3,16,0.9161
4,31,0.9302
5,12,0.9277
6,15,0.9189
7,18,0.9231
8,11,0.95
9,9,0.9236
10,19,0.9288
11,9,0.9275
12,16,0.9272
13,31,0.9163
14,11,0.9371
15,15,0.9082
16,8,0.9084
17,8,0.9259
18,11,0.9181
19,11,0.9103
20,11,0.9087
21,47,0.9081
22,31,0.9184
1,16,0.9339
2,11,0.9183
3,16,0.9245
4,31,0.9345
5,18,0.9323
6,47,0.9235
7,11,0.9239
8,19,0.9257
9,9,0.9177
10,19,0.9321
11,19,0.9329
12,9,0.9159
13,31,0.9248
14,11,0.9343
15,9,0.919
16,31,0.9181
17,8,0.9128
18,11,0.9272
19,12,0.9208
20,12,0.9128
21,15,0.9256
22,31,0.938
1,10,0.9271
2,11,0.931
3,10,0.9299
4,31,0.9161
5,11,0.9294
6,16,0.9033
7,18,0.9301
8,11,0.9378
9,18,0.932
10,19,0.9343
11,18,0.93
12,15,0.9389
13,18,0.8893
14,11,0.9422
15,31,0.9228
16,16,0.919
17,8,0.9305
18,11,0.9213
19,12,0.9267
20,12,0.9247
21,47,0.9304
22,31,0.9431
1,10,0.9157
2,11,0.9343
3,16,0.9196
4,47,0.9212
5,11,0.9261
6,47,0.9137
7,11,0.9327
8,18,0.9306
9,9,0.9135
10,18,0.9306
11,18,0.9335
12,15,0.9293
13,14,0.9268
14,11,0.9336
15,8,0.9141
16,16,0.9253
17,47,0.9157
18,11,0.9182
19,12,0.9249
20,12,0.9426
21,47,0.9215
22,31,0.9252
1,16,0.9179
2,11,0.9362
3,16,0.9365
4,31,0.9282
5,18,0.9406
6,16,0.9142
7,11,0.9397
8,18,0.9484
9,9,0.9331
10,19,0.9414
11,9,0.9417
12,15,0.9324
13,14,0.9161
14,11,0.9306
15,11,0.9268
16,31,0.9358
17,8,0.9133
18,11,0.9304
19,12,0.9266
20,11,0.9328
21,15,0.9356
22,31,0.9151
1,10,0.9351
2,11,0.9416
3,16,0.9362
4,31,0.9323
5,12,0.9445
6,10,0.9155
7,11,0.9279
8,18,0.9482
9,9,0.9273
10,18,0.9379
11,18,0.9375
12,10,0.9519
13,14,0.9179
14,11,0.9402
15,11,0.9203
16,47,0.9382
17,8,0.9323
18,18,0.9365
19,12,0.9279
20,11,0.939
21,47,0.939
22,47,0.8974
1,16,0.9482
2,11,0.9397
3,16,0.9473
4,31,0.9256
5,18,0.9404
6,47,0.9294
7,11,0.9423
8,18,0.9464
9,12,0.9338
10,18,0.9473
11,12,0.9483
12,16,0.9264
13,14,0.9189
14,11,0.9196
15,31,0.9346
16,47,0.9362
17,8,0.9293
18,11,0.9386
19,18,0.9364
20,11,0.9163
21,31,0.9393
22,47,0.9099
1,10,0.9397
2,11,0.9298
3,16,0.946
4,47,0.9427
5,18,0.9397
6,47,0.9333
7,12,0.9547
8,19,0.9504
9,9,0.9341
10,18,0.9462
11,12,0.9475
12,11,0.9486
13,31,0.9226
14,9,0.9278
15,31,0.9413
16,47,0.9337
17,16,0.9286
18,11,0.9501
19,12,0.9331
20,12,0.9291
21,47,0.9295
22,17,0.9315
1,16,0.9456
2,11,0.9282
3,16,0.9373
4,47,0.9385
5,11,0.9464
6,47,0.9254
7,12,0.9473
8,19,0.952
9,16,0.9305
10,18,0.9372
11,18,0.9476
12,13,0.9368
13,31,0.9456
14,11,0.9373
15,31,0.9319
16,31,0.9404
17,16,0.9351
18,11,0.928
19,12,0.9304
20,11,0.9458
21,47,0.9241
22,17,0.9377
1,16,0.943
2,11,0.9274
3,10,0.934
4,31,0.9417
5,11,0.9429
6,47,0.9419
7,11,0.9364
8,19,0.9538
9,16,0.9385
10,18,0.9592
11,12,0.9512
12,16,0.9386
13,31,0.9426
14,11,0.9398
15,31,0.9415
16,11,0.9436
17,8,0.9342
18,11,0.9324
19,11,0.9437
20,12,0.9401
21,15,0.9434
22,31,0.9398
34,12,0.9442
1,16,0.9361
2,11,0.931
3,16,0.9573
4,47,0.949
5,18,0.9553
6,47,0.9325
7,11,0.9404
8,19,0.9568
9,9,0.9283
10,19,0.9516
11,18,0.9498
12,16,0.9561
13,11,0.9321
14,11,0.9542
15,31,0.9451
16,11,0.9415
17,47,0.9424
18,11,0.9433
19,11,0.9477
20,11,0.9451
21,47,0.9517
22,31,0.9377
34,11,0.9269
1,13,0.9479
2,12,0.944
3,16,0.9453
4,47,0.9503
5,18,0.9603
6,47,0.9325
7,12,0.9463
8,19,0.9628
9,15,0.9462
10,12,0.9472
11,12,0.953
12,13,0.9558
13,12,0.9444
14,18,0.9506
15,16,0.9556
16,47,0.9526
17,15,0.9456
18,11,0.9458
19,12,0.9489
20,47,0.9581
21,47,0.9583
22,47,0.9479
34,12,0.9394
1,31,0.9538
2,11,0.9461
3,16,0.9542
4,31,0.9487
5,12,0.9527
6,8,0.941
7,11,0.9273
8,19,0.9605
9,13,0.9544
10,18,0.9507
11,18,0.9482
12,47,0.9404
13,11,0.941
14,11,0.9532
15,13,0.9388
16,15,0.9485
17,47,0.9507
18,11,0.9444
19,12,0.962
20,18,0.9418
21,47,0.9478
22,11,0.9401
34,31,0.9532
1,8,0.9559
2,11,0.9468
3,16,0.9461
4,47,0.9556
5,12,0.959
6,15,0.9409
7,11,0.9486
8,19,0.9662
9,15,0.9494
10,19,0.9619
11,18,0.9592
12,47,0.9329
13,21,0.9389
14,11,0.9565
15,13,0.9542
16,15,0.9548
17,47,0.956
18,11,0.9497
19,12,0.9537
20,12,0.9489
21,13,0.9514
22,17,0.9353
34,11,0.9314
1,15,0.9615
2,11,0.9486
3,47,0.9567
4,31,0.9566
5,12,0.9608
6,47,0.936
7,18,0.9369
8,11,0.9538
9,13,0.9478
10,19,0.9499
11,18,0.9514
12,16,0.955
13,47,0.9441
14,11,0.9577
15,47,0.9463
16,15,0.9566
17,47,0.9508
18,11,0.9527
19,12,0.9408
20,12,0.9554
21,8,0.9476
22,11,0.9476
34,12,0.9443
1,11,0.9486
2,11,0.9384
3,47,0.9638
4,31,0.9697
5,11,0.9561
6,47,0.9514
7,18,0.946
8,11,0.9466
9,15,0.9495
10,19,0.9492
11,18,0.9598
12,16,0.9603
13,31,0.9574
14,11,0.957
15,16,0.9538
16,8,0.9559
17,8,0.9526
18,11,0.9534
19,12,0.9438
20,12,0.9514
21,13,0.9484
22,47,0.9462
34,11,0.96
1,16,0.9448
2,11,0.9511
3,15,0.9622
4,13,0.9594
5,9,0.9631
6,10,0.9632
7,11,0.9598
8,11,0.9597
9,47,0.9548
10,19,0.9666
11,18,0.9557
12,11,0.9576
13,47,0.9425
14,11,0.9594
15,47,0.9456
16,13,0.9539
17,8,0.9392
18,11,0.9421
19,12,0.9511
20,11,0.9535
21,13,0.9451
22,51,0.954
34,11,0.9506
1,11,0.9494
2,11,0.9558
3,15,0.961
4,47,0.9457
5,18,0.9619
6,47,0.955
7,12,0.9598
8,11,0.9651
9,15,0.9543
10,19,0.9623
11,11,0.9418
12,11,0.9628
13,31,0.9461
14,9,0.9534
15,16,0.9349
16,16,0.9484
17,15,0.9572
18,12,0.9526
19,12,0.9524
20,12,0.9554
21,15,0.9545
22,51,0.9557
34,11,0.9569
1,11,0.9478
2,11,0.9496
3,15,0.9533
4,47,0.9536
5,12,0.9623
6,15,0.9636
7,12,0.9599
8,11,0.9611
9,15,0.9475
10,11,0.9526
11,18,0.953
12,16,0.9607
13,47,0.9392
14,47,0.9555
15,15,0.9516
16,15,0.9473
17,47,0.9617
18,47,0.9464
19,18,0.9518
20,9,0.9653
21,13,0.9623
22,11,0.9448
34,11,0.9571
1,13,0.9483
2,12,0.9548
3,15,0.9646
4,13,0.9553
5,18,0.9656
6,15,0.9645
7,12,0.9482
8,11,0.9684
9,11,0.9582
10,12,0.9645
11,19,0.9519
12,11,0.959
13,47,0.9518
14,47,0.9586
15,13,0.9518
16,15,0.9542
17,8,0.9553
18,11,0.9606
19,11,0.9601
20,12,0.9592
21,15,0.9706
22,16,0.9461
34,11,0.9574
1,13,0.9517
2,12,0.9619
3,13,0.9623
4,16,0.9583
5,12,0.9634
6,15,0.9568
7,18,0.9595
8,12,0.9608
9,11,0.9535
10,19,0.9592
11,18,0.9651
12,13,0.9545
13,11,0.9533
14,9,0.9638
15,13,0.9487
16,47,0.9535
17,15,0.9596
18,11,0.9618
19,18,0.9548
20,12,0.9574
21,15,0.9664
22,17,0.9364
34,11,0.9586
1,16,0.9598
2,11,0.9612
3,16,0.9615
4,31,0.9569
5,18,0.9627
6,13,0.9582
7,11,0.9589
8,18,0.9604
9,47,0.9549
10,19,0.9651
11,12,0.9611
12,16,0.9673
13,11,0.958
14,12,0.9584
15,13,0.9452
16,13,0.9609
17,8,0.9596
18,12,0.9642
19,18,0.956
20,12,0.9557
21,47,0.9585
22,17,0.9548
34,11,0.9663
1,15,0.9656
2,12,0.9575
3,8,0.9589
4,31,0.9631
5,18,0.9656
6,15,0.9537
7,12,0.9604
8,18,0.9693
9,11,0.951
10,19,0.9669
11,18,0.9573
12,16,0.9669
13,12,0.9446
14,47,0.9577
15,31,0.9479
16,8,0.9544
17,47,0.9581
18,12,0.9538
19,18,0.96
20,47,0.9689
21,16,0.9556
22,11,0.9603
34,11,0.9658
1,11,0.9597
2,12,0.9594
3,47,0.9601
4,13,0.97
5,47,0.9677
6,13,0.952
7,12,0.9697
8,19,0.9725
9,11,0.9666
10,18,0.9679
11,12,0.9598
12,13,0.9625
13,47,0.953
14,9,0.9606
15,13,0.9623
16,16,0.9612
17,47,0.9619
18,11,0.9584
19,11,0.965
20,47,0.9601
21,15,0.9632
22,19,0.9651
34,11,0.9689
1,15,0.9697
2,12,0.9623
3,16,0.9636
4,13,0.9559
5,12,0.9691
6,15,0.9512
7,12,0.971
8,12,0.967
9,16,0.9609
10,12,0.9579
11,47,0.9626
12,16,0.9674
13,11,0.9621
14,18,0.9631
15,15,0.9577
16,15,0.9647
17,47,0.9633
18,11,0.9621
19,11,0.97
20,11,0.9612
21,13,0.9592
22,11,0.9623
34,47,0.955
1,13,0.9746
2,18,0.96
3,13,0.9742
4,13,0.9612
5,9,0.9748
6,15,0.9571
7,12,0.9692
8,12,0.9692
9,15,0.9625
10,19,0.9712
11,18,0.9633
12,16,0.9658
13,11,0.9554
14,18,0.9634
15,13,0.9573
16,15,0.9628
17,8,0.9626
18,11,0.9656
19,11,0.9747
20,12,0.9687
21,16,0.9472
22,19,0.9538
34,11,0.9603
1,13,0.9663
2,11,0.9563
3,16,0.9754
4,13,0.9523
5,9,0.9729
6,15,0.9681
7,11,0.9642
8,19,0.9744
9,15,0.9659
10,19,0.9547
11,18,0.9641
12,13,0.9636
13,9,0.9571
14,18,0.9598
15,13,0.9524
16,15,0.9666
17,47,0.9674
18,12,0.9622
19,12,0.9674
20,12,0.9647
21,16,0.9573
22,19,0.9638
34,11,0.9539
1,16,0.9762
2,12,0.9587
3,16,0.974
4,31,0.9666
5,18,0.9716
6,47,0.9669
7,12,0.9716
8,19,0.9741
9,13,0.9722
10,19,0.9717
11,18,0.9567
12,16,0.973
13,47,0.9611
14,11,0.9653
15,16,0.9647
16,15,0.9657
17,47,0.9569
18,11,0.9604
19,11,0.9663
20,12,0.9652
21,15,0.9659
22,19,0.9692
34,11,0.9616
1,13,0.9671
2,12,0.9569
3,16,0.9735
4,13,0.9699
5,18,0.9713
6,15,0.9695
7,11,0.9641
8,19,0.9773
9,15,0.9664
10,19,0.9727
11,12,0.9604
12,16,0.9694
13,11,0.9518
14,9,0.9643
15,15,0.9622
16,16,0.9658
17,15,0.9621
18,11,0.9696
19,11,0.961
20,47,0.9679
21,13,0.9688
22,51,0.9677
34,11,0.9599
1,13,0.9652
2,12,0.9698
3,10,0.9713
4,13,0.9686
5,47,0.9689
6,16,0.964
7,11,0.962
8,12,0.9769
9,16,0.9696
10,18,0.9563
11,47,0.9647
12,16,0.9719
13,47,0.9541
14,47,0.9653
15,15,0.9679
16,15,0.9719
17,15,0.9589
18,47,0.9696
19,12,0.9638
20,12,0.9732
21,15,0.97
22,64,0.9705
34,11,0.9643
1,11,0.9653
2,9,0.9666
3,13,0.966
4,13,0.9637
5,11,0.9716
6,13,0.9607
7,18,0.9595
8,12,0.9747
9,15,0.9717
10,18,0.9649
11,47,0.9551
12,31,0.9709
13,9,0.9679
14,9,0.9665
15,13,0.9643
16,15,0.9738
17,15,0.9656
18,47,0.9687
19,11,0.967
20,12,0.968
21,15,0.9681
22,51,0.9605
34,11,0.9703
1,13,0.9736
2,11,0.9648
3,13,0.9674
4,13,0.9689
5,11,0.9683
6,15,0.9609
7,11,0.9605
8,12,0.9783
9,16,0.9677
10,12,0.9706
11,47,0.9648
12,16,0.9766
13,11,0.9576
14,9,0.9668
15,13,0.9549
16,15,0.9681
17,47,0.9722
18,11,0.971
19,11,0.9719
20,11,0.9669
21,13,0.9689
22,51,0.9668
34,16,0.9759
1,15,0.9696
2,12,0.9704
3,16,0.9741
4,13,0.9642
5,18,0.9656
6,13,0.959
7,12,0.9546
8,12,0.9699
9,10,0.9667
10,19,0.9652
11,12,0.9636
12,13,0.9731
13,16,0.9716
14,47,0.9679
15,11,0.9607
16,15,0.9696
17,13,0.9703
18,11,0.975
19,11,0.969
20,11,0.9703
21,15,0.972
22,17,0.9719
34,16,0.9754
1,13,0.9709
2,12,0.967
3,16,0.9687
4,13,0.9666
5,11,0.9674
6,15,0.9744
7,11,0.9631
8,12,0.9712
9,16,0.9779
10,19,0.9655
11,12,0.9682
12,11,0.9689
13,16,0.9642
14,9,0.9696
15,11,0.9581
16,15,0.9683
17,8,0.9727
18,11,0.9705
19,11,0.9695
20,11,0.972
21,15,0.98
22,64,0.9601
34,11,0.9748
1,13,0.9718
2,11,0.9622
3,16,0.9712
4,13,0.9673
5,11,0.9685
6,16,0.9758
7,11,0.959
8,12,0.9741
9,15,0.9709
10,19,0.9715
11,9,0.9706
12,76,0.9774
13,16,0.9668
14,47,0.9727
15,16,0.9689
16,15,0.9684
17,8,0.9747
18,11,0.9724
19,11,0.9686
20,11,0.9693
21,13,0.9659
22,17,0.9577
34,11,0.9757
1,13,0.9723
2,12,0.9671
3,13,0.9745
4,13,0.9737
5,11,0.9705
6,15,0.9777
7,18,0.9673
8,12,0.9711
9,15,0.9729
10,12,0.9721
11,12,0.9763
12,16,0.9734
13,12,0.9575
14,47,0.9724
15,13,0.9746
16,15,0.9739
17,8,0.9736
18,12,0.9726
19,12,0.9681
20,11,0.9721
21,13,0.9764
22,17,0.9526
34,16,0.977
1,13,0.9658
2,18,0.9741
3,16,0.9739
4,13,0.973
5,18,0.9669
6,15,0.9778
7,18,0.9732
8,11,0.968
9,15,0.9714
10,19,0.9775
11,12,0.9704
12,16,0.9745
13,11,0.9611
14,47,0.9701
15,13,0.9724
16,13,0.9745
17,8,0.9718
18,11,0.9731
19,12,0.9702
20,11,0.9752
21,15,0.9715
22,64,0.9499
34,16,0.9683
1,13,0.9737
2,11,0.9696
3,16,0.974
4,15,0.9731
5,18,0.9709
6,15,0.9754
7,18,0.9691
8,16,0.9705
9,16,0.975
10,19,0.9742
11,47,0.9731
12,13,0.9689
13,11,0.956
14,47,0.974
15,13,0.9767
16,15,0.9731
17,8,0.9723
18,11,0.9722
19,12,0.9773
20,11,0.9704
21,10,0.9773
22,17,0.9575
34,11,0.9665
1,15,0.9757
2,11,0.9758
3,16,0.9715
4,15,0.9758
5,18,0.9714
6,13,0.9805
7,18,0.9765
8,12,0.9735
9,15,0.9787
10,18,0.971
11,12,0.9727
12,13,0.9671
13,47,0.9648
14,12,0.9722
15,13,0.972
16,15,0.9768
17,13,0.9749
18,11,0.9716
19,12,0.9743
20,12,0.9711
21,15,0.9675
22,47,0.955
34,16,0.9741
36,21,0.9789
1,10,0.9784
2,11,0.9779
3,16,0.9727
4,13,0.9761
5,12,0.9732
6,8,0.9757
7,11,0.9703
8,12,0.9814
9,10,0.9719
10,19,0.9729
11,11,0.968
12,15,0.9793
13,11,0.9721
14,12,0.974
15,16,0.9717
16,16,0.9752
17,8,0.9718
18,11,0.9733
19,12,0.9718
20,12,0.9747
21,15,0.9692
22,19,0.959
34,21,0.9765
36,21,0.9776
1,11,0.9749
2,12,0.973
3,15,0.974
4,13,0.9763
5,12,0.9827
6,10,0.9798
7,12,0.9728
8,18,0.9827
9,13,0.9743
10,18,0.9643
11,12,0.9708
12,16,0.9755
13,12,0.9709
14,12,0.9771
15,13,0.9706
16,15,0.9803
17,16,0.9745
18,11,0.979
19,12,0.9755
20,11,0.9766
21,16,0.975
22,10,0.9679
34,16,0.9769
36,15,0.9705
1,16,0.9708
2,47,0.9763
3,15,0.9727
4,15,0.9762
5,12,0.9779
6,15,0.9776
7,12,0.9772
8,12,0.9841
9,10,0.9739
10,18,0.967
11,12,0.9762
12,16,0.9756
13,11,0.967
14,12,0.9759
15,15,0.9773
16,16,0.9796
17,47,0.9692
18,11,0.9743
19,12,0.9743
20,11,0.9757
21,15,0.9758
22,10,0.9715
34,11,0.9736
36,15,0.9744
1,13,0.9732
2,11,0.9748
3,15,0.9746
4,16,0.976
5,12,0.9778
6,15,0.9714
7,9,0.9748
8,12,0.9805
9,15,0.9753
10,19,0.9702
11,12,0.9786
12,15,0.9736
13,9,0.968
14,12,0.9756
15,19,0.9715
16,16,0.9818
17,8,0.9721
18,11,0.9805
19,9,0.9776
20,12,0.9854
21,10,0.9739
22,19,0.9689
34,11,0.9743
36,15,0.9774
1,13,0.9771
2,11,0.9736
3,16,0.9763
4,16,0.9782
5,11,0.9781
6,16,0.973
7,12,0.9742
8,12,0.985
9,10,0.9772
10,12,0.9736
11,12,0.9744
12,16,0.9773
13,11,0.9673
14,9,0.9739
15,13,0.975
16,16,0.9782
17,8,0.9674
18,11,0.979
19,18,0.976
20,19,0.9819
21,15,0.9797
22,47,0.9705
34,11,0.9717
36,15,0.9791
1,13,0.9774
2,12,0.977
3,15,0.9712
4,16,0.9801
5,18,0.9764
6,11,0.9708
7,12,0.9779
8,12,0.9818
9,13,0.9705
10,12,0.977
11,11,0.9793
12,16,0.9796
13,11,0.9751
14,9,0.974
15,16,0.9859
16,15,0.9775
17,13,0.9683
18,11,0.9774
19,11,0.9778
20,47,0.9803
21,13,0.9776
22,47,0.9743
34,11,0.9726
36,15,0.9768
1,16,0.9775
2,11,0.9746
3,15,0.9732
4,16,0.9753
5,18,0.9818
6,15,0.9794
7,11,0.976
8,18,0.9811
9,15,0.9726
10,18,0.9826
11,11,0.9769
12,15,0.9742
13,11,0.9742
14,47,0.9722
15,16,0.9814
16,15,0.9814
17,16,0.9765
18,11,0.9779
19,11,0.9755
20,9,0.9795
21,15,0.9769
22,47,0.9726
34,11,0.9743
36,15,0.973
1,16,0.9833
2,12,0.9779
3,15,0.9819
4,13,0.9802
5,9,0.9785
6,15,0.9766
7,11,0.9788
8,12,0.9825
9,15,0.9744
10,12,0.9796
11,11,0.9782
12,16,0.9721
13,12,0.9733
14,12,0.9778
15,16,0.9835
16,15,0.9811
17,15,0.9789
18,11,0.9791
19,11,0.978
20,11,0.9806
21,16,0.9802
22,19,0.9677
34,11,0.9732
36,15,0.9795
1,16,0.9767
2,11,0.981
3,15,0.974
4,15,0.9772
5,12,0.9784
6,10,0.9805
7,11,0.9782
8,18,0.9843
9,15,0.9723
10,18,0.9793
11,12,0.9798
12,16,0.9774
13,12,0.9738
14,12,0.9793
15,16,0.9801
16,15,0.9797
17,16,0.983
18,11,0.9787
19,12,0.9791
20,47,0.9783
21,13,0.9711
22,19,0.9717
34,11,0.9752
36,15,0.9766
1,16,0.9772
2,11,0.9811
3,13,0.9801
4,16,0.9815
5,18,0.9796
6,15,0.9794
7,18,0.9748
8,12,0.9856
9,15,0.975
10,18,0.9794
11,12,0.9802
12,16,0.9828
13,12,0.9716
14,12,0.9764
15,16,0.9765
16,15,0.9809
17,16,0.981
18,11,0.9829
19,12,0.9822
20,12,0.9779
21,15,0.9833
22,19,0.9721
34,16,0.9791
36,15,0.9782
1,16,0.9796
2,11,0.9792
3,15,0.9825
4,15,0.9789
5,12,0.9785
6,15,0.9799
7,11,0.9727
8,12,0.9816
9,15,0.9747
10,12,0.9821
11,12,0.9809
12,13,0.9804
13,16,0.9778
14,12,0.9779
15,15,0.9737
16,15,0.9814
17,16,0.9844
18,9,0.9803
19,12,0.978
20,11,0.9805
21,15,0.9802
22,17,0.9794
34,11,0.9807
36,15,0.9754
1,76,0.9798
2,9,0.9777
3,15,0.9825
4,16,0.9808
5,18,0.9784
6,10,0.9798
7,12,0.976
8,18,0.9861
9,13,0.9761
10,12,0.9776
11,11,0.9784
12,16,0.9786
13,9,0.9672
14,12,0.9765
15,16,0.9802
16,16,0.9743
17,16,0.9843
18,12,0.9808
19,12,0.9816
20,11,0.9817
21,15,0.9808
22,9,0.9722
34,11,0.9777
36,15,0.9788
1,76,0.9817
2,11,0.9784
3,15,0.9798
4,15,0.9855
5,12,0.9814
6,13,0.9806
7,9,0.9796
8,12,0.9843
9,10,0.9737
10,12,0.9758
11,12,0.9773
12,16,0.9823
13,12,0.9755
14,12,0.9754
15,16,0.9846
16,16,0.9801
17,16,0.9833
18,12,0.9831
19,12,0.9853
20,47,0.9791
21,16,0.9812
22,19,0.9756
34,11,0.9765
36,15,0.9773
1,13,0.9849
2,11,0.9794
3,15,0.9784
4,15,0.9823
5,12,0.982
6,15,0.9791
7,11,0.9841
8,12,0.9791
9,16,0.9759
10,18,0.9779
11,12,0.9781
12,16,0.9781
13,16,0.9771
14,12,0.9734
15,16,0.9812
16,16,0.9821
17,16,0.9787
18,12,0.9834
19,12,0.985
20,47,0.9823
21,15,0.9813
22,19,0.9787
34,16,0.9774
36,15,0.9778
1,13,0.9856
2,11,0.9774
3,15,0.9799
4,15,0.9795
5,12,0.9818
6,15,0.9824
7,11,0.9844
8,12,0.9853
9,10,0.9791
10,18,0.9803
11,12,0.9797
12,16,0.9798
13,16,0.9753
14,9,0.9777
15,15,0.9816
16,16,0.9842
17,13,0.9777
18,11,0.9817
19,12,0.9832
20,16,0.9866
21,15,0.9817
22,19,0.9794
34,11,0.9746
36,15,0.9794
1,15,0.9786
2,18,0.978
3,15,0.9813
4,16,0.9853
5,12,0.983
6,13,0.9788
7,18,0.9813
8,12,0.9846
9,8,0.9779
10,12,0.9805
11,11,0.9795
12,16,0.9814
13,16,0.9788
14,9,0.9801
15,16,0.9797
16,76,0.9815
17,13,0.9742
18,11,0.9803
19,11,0.984
20,16,0.9833
21,15,0.9765
22,64,0.972
34,16,0.9826
36,16,0.9794
1,8,0.9861
2,11,0.9795
3,10,0.9835
4,16,0.9846
5,12,0.983
6,15,0.9844
7,11,0.9794
8,12,0.9852
9,8,0.9764
10,12,0.9812
11,12,0.9819
12,16,0.9803
13,16,0.9829
14,9,0.9793
15,15,0.9848
16,10,0.9795
17,10,0.9751
18,11,0.9808
19,12,0.9805
20,12,0.9812
21,15,0.9803
22,51,0.9855
34,16,0.9803
36,16,0.9808
1,13,0.9841
2,12,0.9814
3,15,0.9837
4,13,0.9797
5,12,0.9865
6,16,0.9849
7,18,0.9822
8,12,0.9868
9,10,0.9761
10,12,0.9754
11,12,0.981
12,16,0.9796
13,12,0.9754
14,9,0.9822
15,15,0.9853
16,10,0.9806
17,16,0.9818
18,11,0.9779
19,12,0.9834
20,11,0.9823
21,16,0.9818
22,64,0.9777
34,16,0.9814
36,10,0.9776
1,16,0.9844
2,12,0.9808
3,15,0.9816
4,16,0.9844
5,12,0.9857
6,16,0.9803
7,11,0.9807
8,12,0.9865
9,8,0.975
10,12,0.9837
11,11,0.9798
12,10,0.9759
13,9,0.9794
14,12,0.9812
15,13,0.9781
16,16,0.9819
17,16,0.979
18,12,0.984
19,12,0.9828
20,19,0.9855
21,21,0.9815
22,19,0.9789
34,11,0.984
36,21,0.9791
1,16,0.9827
2,9,0.9838
3,15,0.983
4,15,0.9861
5,12,0.9826
6,15,0.9842
7,12,0.9829
8,12,0.9856
9,21,0.9798
10,12,0.985
11,11,0.9807
12,15,0.9846
13,11,0.9744
14,12,0.9819
15,13,0.9799
16,16,0.9812
17,16,0.9759
18,11,0.9825
19,12,0.9846
20,47,0.9798
21,8,0.9809
22,19,0.9786
34,16,0.9774
36,76,0.9803
1,16,0.9832
2,12,0.9811
3,13,0.9803
4,16,0.9828
5,12,0.9831
6,10,0.9862
7,11,0.9842
8,12,0.9861
9,21,0.9763
10,12,0.9848
11,11,0.9815
12,15,0.9825
13,11,0.9793
14,11,0.9806
15,21,0.9801
16,16,0.9849
17,16,0.9838
18,11,0.9851
19,12,0.9789
20,16,0.9879
21,15,0.9807
22,19,0.9754
34,16,0.983
36,76,0.9838
1,13,0.9769
2,9,0.9823
3,15,0.9814
4,15,0.9848
5,11,0.9811
6,10,0.9831
7,12,0.9832
8,12,0.9877
9,21,0.9796
10,11,0.9818
11,11,0.9843
12,16,0.9799
13,12,0.9788
14,12,0.9836
15,16,0.9783
16,16,0.9813
17,16,0.9799
18,11,0.9862
19,12,0.9825
20,12,0.9845
21,16,0.9834
22,9,0.9772
34,16,0.9836
36,15,0.9814
1,21,0.9851
2,9,0.9811
3,13,0.9801
4,16,0.9865
5,18,0.9859
6,10,0.9839
7,12,0.9831
8,12,0.9863
9,21,0.9796
10,12,0.9845
11,9,0.9855
12,16,0.9861
13,16,0.9836
14,12,0.983
15,19,0.9896
16,21,0.9809
17,16,0.9769
18,11,0.9842
19,18,0.9811
20,12,0.9855
21,76,0.9872
22,19,0.9786
34,16,0.982
36,19,0.9843
1,13,0.9836
2,12,0.9819
3,15,0.9847
4,16,0.9862
5,12,0.9837
6,10,0.9841
7,12,0.9842
8,18,0.9858
9,15,0.9798
10,12,0.9859
11,16,0.9834
12,16,0.9901
13,12,0.9825
14,12,0.9814
15,76,0.9856
16,21,0.983
17,16,0.9827
18,11,0.9852
19,11,0.9816
20,12,0.9857
21,15,0.9832
22,12,0.9758
34,11,0.9813
36,19,0.9829
1,21,0.9809
2,12,0.9828
3,13,0.9845
4,16,0.9901
5,18,0.9852
6,15,0.9827
7,12,0.9839
8,18,0.987
9,21,0.982
10,9,0.9809
11,11,0.9757
12,16,0.9852
13,12,0.9813
14,12,0.9815
15,16,0.9875
16,10,0.9817
17,16,0.9829
18,11,0.9849
19,11,0.9812
20,12,0.9848
21,15,0.9794
22,19,0.9825
34,16,0.9852
36,19,0.9869
1,16,0.9802
2,12,0.9816
3,15,0.9835
4,16,0.9892
5,18,0.9861
6,10,0.9852
7,12,0.9836
8,18,0.987
9,15,0.9813
10,12,0.9846
11,9,0.9789
12,16,0.9872
13,16,0.9804
14,12,0.9843
15,76,0.9767
16,15,0.9801
17,10,0.9823
18,47,0.9808
19,12,0.9844
20,12,0.9847
21,8,0.976
22,86,0.9822
34,16,0.9861
36,19,0.9841
1,76,0.9843
2,12,0.9822
3,16,0.9831
4,16,0.988
5,9,0.9854
6,16,0.9873
7,11,0.9812
8,12,0.9857
9,15,0.9819
10,12,0.9856
11,12,0.9736
12,16,0.989
13,12,0.9837
14,12,0.986
15,15,0.9795
16,16,0.9869
17,15,0.9805
18,16,0.9859
19,12,0.9859
20,12,0.985
21,15,0.9822
22,86,0.9815
34,16,0.9821
36,19,0.9852
1,16,0.9866
2,11,0.9858
3,16,0.9852
4,16,0.9898
5,9,0.9877
6,16,0.9857
7,12,0.9853
8,12,0.9863
9,15,0.9779
10,12,0.9829
11,9,0.9758
12,16,0.9881
13,12,0.9794
14,12,0.9856
15,76,0.9855
16,16,0.9901
17,16,0.9869
18,11,0.985
19,12,0.9834
20,12,0.9856
21,15,0.9845
22,86,0.9776
34,16,0.9865
36,19,0.9846
1,16,0.9828
2,11,0.9857
3,16,0.9844
4,16,0.9882
5,12,0.985
6,8,0.9873
7,9,0.9823
8,12,0.9834
9,16,0.9792
10,11,0.9782
11,10,0.9772
12,19,0.9841
13,12,0.9817
14,9,0.9871
15,16,0.9895
16,76,0.9902
17,16,0.9843
18,12,0.9836
19,12,0.9848
20,12,0.9866
21,16,0.9902
22,86,0.9795
34,16,0.9884
36,19,0.9847
1,16,0.9808
2,11,0.9853
3,76,0.9844
4,16,0.987
5,11,0.9845
6,15,0.9839
7,9,0.9843
8,18,0.9862
9,16,0.9834
10,12,0.9813
11,9,0.9787
12,76,0.9797
13,12,0.9772
14,9,0.9846
15,16,0.9858
16,76,0.9871
17,16,0.9855
18,12,0.985
19,18,0.9841
20,12,0.9846
21,16,0.9873
22,86,0.9803
34,11,0.9844
36,19,0.9838
1,21,0.9812
2,12,0.9856
3,15,0.9848
4,15,0.9865
5,18,0.9869
6,16,0.9874
7,9,0.9829
8,12,0.9894
9,19,0.9858
10,18,0.9842
11,9,0.9793
12,76,0.9804
13,12,0.9787
14,16,0.9847
15,16,0.9843
16,76,0.9845
17,76,0.9852
18,11,0.9857
19,11,0.9859
20,12,0.9863
21,16,0.986
22,13,0.9827
34,11,0.9817
36,19,0.9838
1,16,0.9808
2,11,0.9866
3,15,0.9848
4,15,0.9877
5,18,0.9863
6,15,0.9895
7,9,0.9849
8,18,0.9869
9,16,0.9851
10,18,0.9856
11,9,0.9819
12,16,0.9823
13,16,0.9835
14,9,0.9835
15,16,0.9824
16,10,0.988
17,16,0.9845
18,9,0.9877
19,11,0.9873
20,11,0.9895
21,16,0.9822
22,19,0.9839
34,16,0.9859
36,16,0.9846
1,21,0.9855
2,9,0.9842
3,10,0.9832
4,16,0.9892
5,12,0.9854
6,16,0.9871
7,11,0.9837
8,12,0.9875
9,8,0.9817
10,12,0.986
11,16,0.9826
12,19,0.9879
13,16,0.9811
14,9,0.9862
15,76,0.9844
16,21,0.9865
17,16,0.9795
18,12,0.9877
19,76,0.9878
20,9,0.9863
21,16,0.9884
22,86,0.9813
34,16,0.9804
36,19,0.9834
1,21,0.9836
2,11,0.9826
3,16,0.9851
4,16,0.9902
5,9,0.9854
6,16,0.9869
7,12,0.9868
8,12,0.9886
9,19,0.9832
10,12,0.9881
11,16,0.985
12,16,0.9831
13,16,0.9835
14,9,0.9846
15,21,0.9812
16,10,0.9901
17,19,0.986
18,12,0.9867
19,12,0.9885
20,76,0.9875
21,16,0.9875
22,19,0.9811
34,16,0.9843
36,16,0.9839
1,16,0.9844
2,11,0.9831
3,16,0.9853
4,16,0.9893
5,12,0.9866
6,16,0.9848
7,12,0.9844
8,19,0.9879
9,76,0.9816
10,12,0.9852
11,11,0.9837
12,15,0.9863
13,11,0.9807
14,16,0.9848
15,10,0.9869
16,16,0.9892
17,16,0.9883
18,16,0.9843
19,16,0.9871
20,11,0.9828
21,19,0.9855
22,19,0.9825
34,16,0.9893
36,19,0.9833
1,21,0.9849
2,11,0.9829
3,16,0.9875
4,16,0.99
5,11,0.9882
6,15,0.9873
7,9,0.9868
8,12,0.9897
9,19,0.9851
10,12,0.9877
11,19,0.9871
12,16,0.9868
13,16,0.9835
14,12,0.9846
15,10,0.9911
16,16,0.9918
17,12,0.9858
18,12,0.9855
19,76,0.9849
20,76,0.987
21,16,0.9895
22,19,0.9841
34,16,0.9915
36,16,0.9847
1,16,0.9835
2,11,0.9852
3,16,0.9844
4,19,0.9886
5,12,0.9878
6,15,0.9855
7,9,0.9858
8,12,0.9881
9,8,0.9779
10,12,0.9899
11,19,0.9843
12,16,0.986
13,16,0.9835
14,12,0.9844
15,16,0.9867
16,16,0.9872
17,16,0.9863
18,12,0.9865
19,19,0.9833
20,76,0.9876
21,21,0.9868
22,51,0.9803
34,16,0.9904
36,19,0.9834
1,21,0.984
2,12,0.9854
3,16,0.9867
4,16,0.9882
5,12,0.9868
6,16,0.9842
7,16,0.9849
8,18,0.99
9,16,0.9774
10,16,0.9883
11,19,0.984
12,16,0.9876
13,71,0.9838
14,9,0.984
15,16,0.9867
16,19,0.9907
17,16,0.9876
18,16,0.989
19,12,0.9858
20,76,0.9879
21,10,0.9913
22,19,0.9799
34,16,0.9908
36,16,0.9827
1,21,0.9833
2,12,0.9846
3,76,0.9878
4,16,0.9888
5,12,0.9865
6,15,0.9875
7,16,0.9858
8,18,0.9878
9,8,0.9829
10,12,0.9875
11,19,0.9864
12,16,0.9849
13,71,0.9846
14,12,0.9867
15,16,0.9876
16,16,0.9882
17,16,0.9919
18,12,0.985
19,12,0.9879
20,9,0.9847
21,16,0.9879
22,10,0.9847
34,16,0.9844
36,16,0.9847
42,19,0.987
1,16,0.9842
2,12,0.9852
3,76,0.9872
4,16,0.9872
5,18,0.9877
6,15,0.9877
7,11,0.9848
8,18,0.9906
9,8,0.9858
10,12,0.9872
11,12,0.9865
12,16,0.9875
13,16,0.9855
14,12,0.9855
15,16,0.9891
16,16,0.9928
17,16,0.992
18,12,0.9828
19,19,0.9883
20,76,0.9857
21,15,0.9857
22,19,0.9878
34,16,0.9825
36,16,0.9828
42,9,0.9862
1,21,0.9856
2,12,0.983
3,76,0.9874
4,16,0.989
5,18,0.9855
6,15,0.985
7,12,0.9845
8,18,0.9884
9,16,0.9853
10,11,0.9877
11,12,0.9852
12,16,0.9839
13,16,0.9846
14,12,0.987
15,16,0.9853
16,19,0.9849
17,16,0.9868
18,11,0.9863
19,19,0.9931
20,9,0.9862
21,16,0.989
22,16,0.9839
34,16,0.9867
36,16,0.9809
42,16,0.9882
1,16,0.9827
2,12,0.9877
3,16,0.9884
4,16,0.9867
5,9,0.9874
6,10,0.9865
7,12,0.9857
8,12,0.9885
9,19,0.9841
10,12,0.9873
11,12,0.9852
12,16,0.9888
13,16,0.9837
14,12,0.9864
15,16,0.9883
16,19,0.9881
17,16,0.991
18,9,0.9869
19,16,0.9899
20,19,0.9884
21,16,0.9894
22,10,0.9876
34,16,0.986
36,16,0.9829
42,12,0.9883
1,21,0.986
2,16,0.9857
3,10,0.986
4,16,0.988
5,9,0.9875
6,15,0.9868
7,12,0.9877
8,18,0.9882
9,8,0.985
10,11,0.988
11,19,0.9856
12,16,0.9908
13,12,0.9843
14,9,0.9884
15,15,0.9864
16,16,0.9845
17,16,0.9909
18,9,0.9875
19,21,0.9926
20,11,0.9846
21,15,0.9881
22,16,0.9873
34,16,0.9875
36,76,0.9844
42,19,0.9882
1,85,0.9835
2,12,0.9876
3,16,0.9877
4,16,0.9872
5,12,0.9879
6,76,0.9843
7,11,0.9866
8,18,0.9864
9,10,0.9888
10,12,0.9879
11,12,0.9861
12,16,0.9904
13,12,0.9845
14,16,0.9873
15,16,0.9917
16,15,0.9872
17,16,0.9863
18,11,0.9877
19,21,0.9929
20,19,0.988
21,76,0.9882
22,13,0.985
34,11,0.9817
36,16,0.9879
42,21,0.9901
1,19,0.9865
2,21,0.9859
3,76,0.9871
4,16,0.9901
5,12,0.9896
6,76,0.9882
7,11,0.9838
8,18,0.9874
9,16,0.9868
10,12,0.9899
11,18,0.9833
12,16,0.9882
13,12,0.9832
14,9,0.9877
15,16,0.9894
16,16,0.9852
17,16,0.9881
18,9,0.9874
19,21,0.9942
20,19,0.9887
21,76,0.9886
22,16,0.9878
34,11,0.9837
36,16,0.9853
42,21,0.9892
1,16,0.9821
2,9,0.9852
3,76,0.9891
4,16,0.9878
5,12,0.9884
6,76,0.9875
7,12,0.9864
8,19,0.9875
9,16,0.989
10,9,0.9899
11,9,0.982
12,16,0.9885
13,12,0.983
14,9,0.9877
15,16,0.9929
16,16,0.9846
17,10,0.9883
18,9,0.9872
19,21,0.9945
20,16,0.9905
21,16,0.9895
22,10,0.9878
34,11,0.9813
36,19,0.9877
42,16,0.9923
1,19,0.9818
2,9,0.9871
3,15,0.9874
4,16,0.9862
5,18,0.9872
6,16,0.988
7,9,0.9846
8,12,0.9861
9,10,0.986
10,18,0.989
11,18,0.984
12,16,0.9907
13,12,0.9843
14,9,0.988
15,16,0.9901
16,16,0.9836
17,85,0.9879
18,9,0.9852
19,21,0.9953
20,16,0.9867
21,16,0.9918
22,10,0.9871
34,9,0.9842
36,19,0.9862
42,16,0.9888
1,16,0.9822
2,16,0.9891
3,15,0.987
4,16,0.9855
5,18,0.9868
6,15,0.9854
7,12,0.9864
8,12,0.9882
9,16,0.9842
10,18,0.9885
11,11,0.9789
12,12,0.9883
13,16,0.9842
14,9,0.9861
15,19,0.9883
16,10,0.9826
17,16,0.9895
18,12,0.9872
19,21,0.995
20,16,0.9877
21,76,0.991
22,10,0.9865
34,71,0.9851
36,16,0.9852
42,16,0.9921
1,21,0.9841
2,9,0.9871
3,76,0.9883
4,16,0.9916
5,9,0.9877
6,15,0.9881
7,9,0.986
8,19,0.9894
9,18,0.9841
10,12,0.9886
11,18,0.9818
12,12,0.9906
13,16,0.9871
14,12,0.9888
15,16,0.9867
16,16,0.9928
17,21,0.9883
18,12,0.9876
19,12,0.9861
20,16,0.9925
21,16,0.9928
22,13,0.9865
34,16,0.9861
36,19,0.9846
42,9,0.9879
43,12,0.99
1,18,0.9812
2,16,0.9889
3,16,0.9899
4,16,0.9912
5,9,0.9895
6,15,0.9889
7,9,0.9883
8,19,0.9906
9,18,0.9861
10,12,0.9893
11,18,0.9835
12,10,0.9887
13,16,0.9868
14,12,0.9888
15,16,0.9886
16,16,0.9912
17,16,0.9902
18,12,0.9856
19,12,0.9887
20,16,0.9917
21,16,0.9919
22,13,0.9866
34,11,0.9819
36,19,0.9853
42,12,0.9889
43,10,0.9901
1,13,0.9849
2,12,0.9878
3,16,0.987
4,16,0.9893
5,9,0.9889
6,15,0.9888
7,18,0.9879
8,9,0.9895
9,18,0.9869
10,12,0.9886
11,18,0.9826
12,10,0.9898
13,16,0.9845
14,12,0.9894
15,16,0.992
16,85,0.9893
17,21,0.9873
18,12,0.9866
19,12,0.9879
20,12,0.9895
21,16,0.9905
22,13,0.9885
34,16,0.9823
36,16,0.9875
42,21,0.9927
43,10,0.9893
1,21,0.9867
2,12,0.9861
3,16,0.9845
4,16,0.9912
5,18,0.9904
6,16,0.9883
7,12,0.986
8,9,0.9904
9,18,0.9861
10,12,0.9882
11,13,0.9841
12,16,0.9853
13,9,0.9824
14,9,0.9882
15,16,0.9894
16,16,0.9883
17,16,0.9904
18,12,0.9871
19,12,0.9865
20,16,0.9883
21,76,0.9892
22,19,0.9871
34,76,0.9872
36,16,0.989
42,21,0.9893
43,16,0.9888
1,11,0.9805
2,21,0.9882
3,15,0.9866
4,16,0.9923
5,12,0.9901
6,15,0.9895
7,11,0.986
8,12,0.989
9,76,0.99
10,11,0.9863
11,18,0.9874
12,16,0.9857
13,16,0.9858
14,9,0.9893
15,16,0.9942
16,16,0.9906
17,16,0.9919
18,12,0.9872
19,19,0.9866
20,16,0.9904
21,16,0.9907
22,19,0.9917
34,9,0.9835
36,16,0.9885
42,19,0.9877
43,21,0.9903
1,21,0.9875
2,16,0.9876
3,15,0.9894
4,16,0.9913
5,12,0.9884
6,10,0.9869
7,12,0.9856
8,9,0.9901
9,9,0.9867
10,12,0.9863
11,9,0.9843
12,15,0.9863
13,16,0.9885
14,9,0.9876
15,16,0.9916
16,16,0.9883
17,16,0.9911
18,9,0.9874
19,9,0.9893
20,16,0.989
21,16,0.9926
22,19,0.9907
34,16,0.9849
36,16,0.9902
42,21,0.9883
43,16,0.9894
1,13,0.9883
2,12,0.9857
3,76,0.9889
4,16,0.9916
5,12,0.989
6,10,0.9898
7,9,0.9852
8,9,0.9905
9,76,0.9906
10,12,0.9882
11,85,0.9885
12,10,0.9899
13,16,0.9873
14,9,0.9898
15,16,0.9919
16,16,0.9915
17,16,0.9894
18,9,0.9861
19,19,0.9877
20,16,0.9906
21,16,0.9891
22,21,0.9894
34,9,0.9819
36,19,0.99
42,21,0.9889
43,16,0.9899
1,21,0.9874
2,11,0.987
3,16,0.9887
4,16,0.993
5,18,0.9896
6,16,0.988
7,9,0.9894
8,9,0.9894
9,15,0.9897
10,9,0.9879
11,9,0.9889
12,16,0.9881
13,16,0.9873
14,9,0.9897
15,16,0.9949
16,15,0.9905
17,16,0.9912
18,9,0.9881
19,19,0.9849
20,12,0.9919
21,16,0.9905
22,19,0.9882
34,11,0.9823
36,10,0.9918
42,21,0.9907
43,16,0.9895
1,21,0.9822
2,11,0.9885
3,16,0.9905
4,85,0.9906
5,9,0.9877
6,12,0.9898
7,9,0.9891
8,19,0.9887
9,19,0.9899
10,12,0.9891
11,9,0.9869
12,10,0.9896
13,16,0.9873
14,9,0.9898
15,16,0.9928
16,16,0.9909
17,16,0.9908
18,9,0.9886
19,21,0.9861
20,16,0.9915
21,10,0.9917
22,13,0.9877
34,9,0.9846
36,10,0.991
42,21,0.9891
43,21,0.9916
1,18,0.982
2,11,0.9878
3,16,0.9893
4,16,0.9897
5,9,0.9884
6,16,0.9894
7,9,0.9881
8,18,0.9888
9,10,0.9887
10,16,0.9877
11,9,0.9885
12,10,0.9906
13,71,0.9841
14,9,0.9897
15,16,0.992
16,16,0.9914
17,16,0.9884
18,9,0.9899
19,21,0.9857
20,16,0.9929
21,16,0.9901
22,21,0.9884
34,16,0.9837
36,19,0.9886
42,21,0.9882
43,16,0.9907
1,12,0.9838
2,11,0.99
3,16,0.9923
4,16,0.989
5,18,0.9896
6,16,0.9902
7,19,0.9883
8,18,0.9888
9,10,0.9903
10,12,0.9905
11,9,0.99
12,16,0.9918
13,71,0.9863
14,9,0.9914
15,16,0.993
16,85,0.9911
17,21,0.993
18,9,0.9886
19,21,0.9849
20,21,0.9942
21,16,0.9938
22,10,0.9874
34,16,0.9876
36,16,0.9901
42,21,0.9879
43,16,0.9922
1,21,0.9841
2,11,0.9893
3,85,0.9886
4,10,0.9927
5,12,0.9901
6,15,0.9882
7,12,0.9878
8,11,0.9866
9,12,0.989
10,12,0.9899
11,12,0.989
12,16,0.9913
13,16,0.9852
14,9,0.9906
15,16,0.991
16,10,0.9912
17,16,0.993
18,11,0.9888
19,9,0.9863
20,16,0.9941
21,16,0.9925
22,19,0.9851
34,16,0.9875
36,10,0.99
42,21,0.9918
43,16,0.9926
1,9,0.9854
2,11,0.9881
3,15,0.9887
4,16,0.993
5,12,0.9887
6,10,0.9856
7,12,0.9881
8,18,0.9873
9,12,0.9902
10,12,0.9864
11,9,0.9891
12,16,0.9888
13,16,0.9891
14,9,0.9885
15,16,0.9915
16,85,0.9925
17,16,0.9923
18,16,0.9886
19,9,0.9868
20,16,0.9953
21,16,0.9907
22,19,0.9874
34,16,0.9863
36,10,0.9881
42,16,0.9891
43,21,0.9902
1,12,0.9868
2,11,0.9908
3,15,0.9885
4,85,0.9918
5,9,0.9891
6,76,0.9883
7,12,0.989
8,18,0.9882
9,16,0.9918
10,19,0.9891
11,9,0.9885
12,16,0.9918
13,21,0.9894
14,9,0.9912
15,16,0.9933
16,85,0.9918
17,16,0.9913
18,9,0.9889
19,21,0.9876
20,16,0.9968
21,10,0.9904
22,19,0.988
34,16,0.9905
36,12,0.9892
42,21,0.9908
43,16,0.9893
1,12,0.9897
2,9,0.9879
3,15,0.9894
4,16,0.9921
5,12,0.9872
6,12,0.9888
7,12,0.988
8,12,0.9887
9,10,0.9886
10,12,0.9884
11,9,0.9912
12,19,0.991
13,16,0.9896
14,19,0.9853
15,16,0.9921
16,16,0.994
17,16,0.9919
18,11,0.9898
19,21,0.9896
20,16,0.9946
21,10,0.9914
22,19,0.986
34,16,0.9889
36,10,0.9872
42,16,0.9895
43,16,0.9887
1,12,0.9908
2,16,0.9862
3,76,0.9892
4,16,0.9922
5,18,0.9895
6,10,0.989
7,9,0.9884
8,18,0.9883
9,10,0.9882
10,12,0.9871
11,9,0.9918
12,12,0.9906
13,21,0.9901
14,19,0.9871
15,16,0.9917
16,16,0.9908
17,16,0.9919
18,11,0.9876
19,21,0.9887
20,16,0.9941
21,16,0.9906
22,11,0.9875
34,16,0.988
36,10,0.9899
42,21,0.9898
43,16,0.9907
1,16,0.9894
2,16,0.9893
3,76,0.9878
4,16,0.9936
5,18,0.9872
6,10,0.989
7,9,0.9892
8,18,0.9889
9,76,0.9897
10,12,0.9888
11,9,0.991
12,16,0.9911
13,21,0.987
14,19,0.9883
15,16,0.9923
16,16,0.991
17,16,0.9909
18,11,0.9882
19,21,0.9906
20,16,0.9927
21,10,0.9928
22,19,0.9906
34,16,0.9885
36,10,0.991
42,19,0.9884
43,16,0.9884
1,19,0.9919
2,19,0.991
3,15,0.9883
4,16,0.9924
5,21,0.9873
6,8,0.9888
7,9,0.989
8,19,0.9891
9,16,0.9895
10,18,0.9873
11,9,0.9907
12,16,0.9913
13,16,0.985
14,19,0.9893
15,16,0.9925
16,16,0.9924
17,16,0.9899
18,9,0.9883
19,21,0.9903
20,19,0.9956
21,86,0.9913
22,19,0.9899
34,21,0.9892
36,10,0.9922
42,19,0.9878
43,19,0.9892
1,76,0.9897
2,19,0.9868
3,76,0.9887
4,16,0.9924
5,21,0.9888
6,8,0.9873
7,9,0.9883
8,18,0.9884
9,8,0.9896
10,9,0.9867
11,9,0.9913
12,12,0.989
13,16,0.9879
14,9,0.9896
15,16,0.9934
16,10,0.9931
17,12,0.9912
18,16,0.9904
19,21,0.9915
20,21,0.9963
21,19,0.9931
22,19,0.9865
34,16,0.9862
36,21,0.9901
42,19,0.9891
43,19,0.9929
1,19,0.9903
2,16,0.9886
3,16,0.9899
4,16,0.992
5,19,0.9872
6,12,0.987
7,9,0.9864
8,18,0.9902
9,16,0.9903
10,9,0.9872
11,9,0.992
12,16,0.9907
13,16,0.9835
14,9,0.9896
15,16,0.9941
16,10,0.9947
17,16,0.9924
18,16,0.9913
19,21,0.9896
20,21,0.9962
21,16,0.9941
22,19,0.9909
34,16,0.987
36,19,0.9891
42,19,0.9892
43,86,0.9927
1,19,0.9896
2,12,0.989
3,16,0.9899
4,16,0.9928
5,12,0.9899
6,85,0.9916
7,9,0.9898
8,19,0.99
9,12,0.9904
10,9,0.9856
11,9,0.9917
12,16,0.9909
13,10,0.983
14,9,0.9896
15,16,0.9947
16,10,0.9936
17,16,0.9932
18,21,0.9899
19,21,0.9894
20,9,0.9909
21,19,0.9941
22,19,0.9893
34,19,0.9901
36,21,0.9923
42,9,0.9891
43,86,0.993
1,76,0.9902
2,9,0.9892
3,8,0.9899
4,16,0.9875
5,12,0.989
6,16,0.9903
7,9,0.9894
8,9,0.9911
9,12,0.9913
10,16,0.9876
11,9,0.9918
12,16,0.9938
13,13,0.9857
14,9,0.9898
15,10,0.9923
16,10,0.9895
17,19,0.9932
18,16,0.9909
19,9,0.9905
20,9,0.9907
21,85,0.9906
22,19,0.9883
34,21,0.9869
36,21,0.9889
42,9,0.9893
43,16,0.9931
1,76,0.9892
2,12,0.9886
3,8,0.9845
4,16,0.9934
5,19,0.9907
6,16,0.9898
7,9,0.9895
8,19,0.9902
9,12,0.9911
10,11,0.9865
11,9,0.9903
12,16,0.99
13,11,0.9828
14,9,0.9905
15,10,0.9937
16,16,0.9905
17,19,0.9932
18,16,0.9893
19,9,0.9895
20,9,0.9883
21,16,0.9906
22,19,0.9901
34,19,0.987
36,21,0.9906
42,11,0.9898
43,19,0.9923
47,21,0.9869
1,76,0.9915
2,11,0.9902
3,76,0.9872
4,19,0.9942
5,12,0.9898
6,12,0.9903
7,9,0.9897
8,19,0.9884
9,12,0.99
10,11,0.9878
11,9,0.9916
12,16,0.9924
13,19,0.9837
14,16,0.9891
15,10,0.9941
16,16,0.9895
17,12,0.992
18,16,0.9906
19,9,0.9901
20,19,0.994
21,15,0.9877
22,13,0.9888
34,19,0.9889
36,21,0.9944
42,9,0.9889
43,21,0.9932
47,21,0.9907
48,86,0.9881
1,12,0.9894
2,12,0.9887
3,16,0.9902
4,16,0.9935
5,18,0.9905
6,12,0.9896
7,18,0.9895
8,19,0.9885
9,16,0.9888
10,9,0.9868
11,9,0.9909
12,16,0.9911
13,11,0.983
14,12,0.9883
15,10,0.9939
16,10,0.9914
17,12,0.9909
18,16,0.9913
19,21,0.9894
20,16,0.999
21,15,0.9876
22,12,0.9904
34,19,0.9887
36,21,0.9957
42,16,0.99
43,16,0.9922
47,21,0.9903
48,86,0.9892
1,10,0.9895
2,12,0.9881
3,16,0.9895
4,16,0.9943
5,18,0.9894
6,12,0.9895
7,9,0.9887
8,18,0.9899
9,12,0.9913
10,11,0.9872
11,9,0.991
12,16,0.9917
13,11,0.9851
14,12,0.9888
15,10,0.9927
16,12,0.9919
17,19,0.9936
18,16,0.9917
19,9,0.9903
20,21,0.9972
21,85,0.9911
22,19,0.9912
34,19,0.9873
36,21,0.9899
42,21,0.9893
43,16,0.9924
47,19,0.9867
48,86,0.9911
1,19,0.9914
2,11,0.9878
3,76,0.9903
4,16,0.9945
5,12,0.99
6,12,0.9904
7,19,0.9889
8,19,0.9915
9,10,0.9915
10,21,0.9879
11,9,0.9913
12,16,0.9936
13,21,0.9888
14,86,0.9891
15,10,0.9917
16,16,0.9908
17,19,0.9914
18,16,0.9899
19,86,0.9909
20,21,0.9949
21,85,0.9907
22,19,0.9883
34,19,0.9894
36,10,0.9874
42,21,0.9901
43,21,0.9925
47,12,0.9881
48,86,0.9936
1,12,0.993
2,12,0.9896
3,8,0.9899
4,16,0.9945
5,21,0.9883
6,12,0.9914
7,12,0.991
8,19,0.9917
9,76,0.9902
10,9,0.9868
11,9,0.9909
12,19,0.9922
13,86,0.99
14,19,0.9882
15,10,0.992
16,85,0.9912
17,12,0.991
18,21,0.9898
19,12,0.9914
20,12,0.9908
21,9,0.9902
22,19,0.9885
34,19,0.9901
36,21,0.9908
42,21,0.9898
43,21,0.9938
47,13,0.9873
48,86,0.9902
1,12,0.99
2,9,0.9895
3,76,0.9891
4,10,0.9938
5,9,0.9884
6,15,0.9897
7,19,0.9897
8,19,0.9907
9,76,0.9901
10,21,0.9875
11,9,0.9911
12,16,0.9922
13,21,0.9917
14,9,0.9897
15,12,0.9933
16,12,0.9924
17,16,0.9923
18,16,0.9896
19,21,0.9917
20,12,0.9908
21,12,0.9913
22,12,0.9886
34,19,0.9875
36,21,0.9926
42,21,0.9871
43,21,0.9946
47,21,0.9902
48,86,0.9916
1,86,0.9906
2,16,0.9887
3,12,0.9899
4,10,0.9921
5,9,0.9903
6,15,0.9907
7,19,0.99
8,19,0.9912
9,76,0.9894
10,64,0.9859
11,9,0.9923
12,16,0.9905
13,10,0.9893
14,19,0.9907
15,12,0.9922
16,10,0.9915
17,12,0.9912
18,19,0.9903
19,12,0.9905
20,16,0.991
21,85,0.9906
22,11,0.989
34,19,0.9899
36,10,0.9899
42,21,0.9898
43,86,0.995
47,13,0.9899
48,86,0.9914
1,12,0.9898
2,21,0.9898
3,12,0.9911
4,10,0.9921
5,19,0.991
6,15,0.9907
7,19,0.9892
8,19,0.991
9,12,0.991
10,21,0.9904
11,9,0.993
12,15,0.9893
13,16,0.9905
14,19,0.992
15,10,0.9929
16,12,0.9927
17,12,0.993
18,16,0.9908
19,12,0.9912
20,12,0.9909
21,76,0.9902
22,12,0.9891
34,19,0.9901
36,21,0.9938
42,9,0.9888
43,21,0.9942
47,10,0.9924
48,86,0.9919
1,12,0.9897
2,18,0.9891
3,76,0.9915
4,10,0.9938
5,19,0.9921
6,8,0.99
7,9,0.9879
8,19,0.9901
9,12,0.9904
10,21,0.9897
11,9,0.9919
12,16,0.99
13,16,0.9906
14,19,0.9915
15,10,0.993
16,12,0.9935
17,19,0.9935
18,21,0.9899
19,21,0.9914
21,85,0.9912
22,12,0.989
34,19,0.9918
36,21,0.9914
42,21,0.9904
43,21,0.9943
47,21,0.9918
48,86,0.992
49,19,0.9889
1,12,0.99
2,9,0.9889
3,16,0.9922
4,16,0.9926
5,19,0.9918
6,12,0.9908
7,9,0.9893
8,18,0.99
9,16,0.9907
10,12,0.988
11,9,0.9914
12,16,0.9911
13,16,0.9884
14,19,0.9917
15,12,0.9898
16,10,0.9929
17,16,0.9923
18,19,0.9916
19,21,0.9909
21,85,0.9919
22,11,0.9912
34,19,0.9915
36,16,0.9923
42,21,0.9893
43,21,0.9946
47,71,0.9921
48,86,0.9912
49,19,0.9883
1,12,0.991
2,11,0.9899
3,12,0.9904
4,16,0.9931
5,19,0.9893
6,12,0.989
7,12,0.989
8,19,0.9914
9,12,0.9902
10,21,0.9891
11,9,0.9915
12,16,0.9925
13,16,0.9879
14,12,0.9916
15,12,0.9906
16,85,0.9923
17,16,0.991
18,19,0.9906
19,12,0.9886
21,85,0.991
22,19,0.9914
34,16,0.99
36,10,0.9916
42,9,0.9897
43,21,0.9938
47,71,0.9904
48,86,0.9917
49,19,0.9897
1,12,0.9926
2,11,0.989
3,12,0.9909
4,12,0.9934
5,9,0.9906
6,10,0.9902
7,18,0.9895
8,18,0.9915
9,12,0.9916
10,19,0.9889
11,9,0.9924
12,16,0.9936
13,16,0.9884
14,12,0.9907
15,10,0.9919
16,16,0.9915
17,10,0.9912
18,9,0.9894
19,9,0.9911
21,85,0.9908
22,19,0.992
34,16,0.9876
36,10,0.9932
42,19,0.9914
43,21,0.9942
47,11,0.9907
48,86,0.9912
49,19,0.9912
1,12,0.9928
2,11,0.9884
3,10,0.9915
4,10,0.9924
5,9,0.9893
6,12,0.9894
7,9,0.9913
8,18,0.9904
9,16,0.9926
10,71,0.988
11,9,0.9922
12,16,0.9925
13,71,0.9889
14,19,0.9911
15,10,0.9878
16,85,0.9908
17,16,0.9933
18,9,0.9886
19,18,0.9903
21,12,0.9915
22,12,0.9902
34,11,0.9852
36,13,0.9937
42,21,0.9929
43,21,0.9955
47,71,0.9921
48,86,0.991
49,19,0.9923
1,12,0.9915
2,12,0.9896
3,12,0.9921
4,12,0.9936
5,86,0.991
6,12,0.9905
7,9,0.9907
8,18,0.988
9,10,0.992
10,12,0.9886
11,9,0.9917
12,12,0.9916
13,21,0.99
14,12,0.9915
15,12,0.9934
16,85,0.9924
17,12,0.9917
18,9,0.99
19,9,0.9911
21,85,0.9916
22,13,0.9915
34,86,0.9882
36,16,0.9925
42,11,0.9902
43,21,0.996
47,13,0.991
48,86,0.9904
49,19,0.9915
1,12,0.9917
2,11,0.9902
3,12,0.9933
4,12,0.9931
5,9,0.9919
6,12,0.9885
7,19,0.9912
8,19,0.9893
9,12,0.9922
10,21,0.9892
11,9,0.9923
12,12,0.9919
13,86,0.9905
14,19,0.9913
15,10,0.9919
16,10,0.9939
17,85,0.9924
18,16,0.9914
19,9,0.9913
21,85,0.9923
22,13,0.9915
34,16,0.9869
36,21,0.994
42,12,0.9896
47,71,0.9915
48,86,0.9911
49,19,0.9914
1,12,0.9919
2,11,0.9894
3,85,0.9946
4,10,0.9931
5,9,0.9919
6,12,0.9896
7,21,0.9886
8,19,0.9899
9,12,0.9909
10,11,0.9896
11,9,0.9922
12,16,0.9897
13,86,0.9909
14,19,0.991
15,10,0.9921
16,10,0.9928
17,85,0.9891
18,16,0.9906
19,18,0.9912
21,85,0.9912
22,19,0.9922
34,86,0.9907
36,21,0.9942
42,19,0.9903
47,11,0.9912
48,86,0.9907
49,21,0.9876
1,12,0.9927
2,19,0.991
3,86,0.9935
4,10,0.9904
5,9,0.9929
6,12,0.9881
7,86,0.9885
8,19,0.9886
9,12,0.9902
10,19,0.9893
11,9,0.9924
12,12,0.9901
13,12,0.9886
14,19,0.989
15,10,0.9924
16,85,0.9921
17,76,0.9895
18,16,0.9898
19,12,0.9923
21,85,0.9919
22,21,0.9904
34,86,0.9888
36,21,0.9951
42,9,0.9919
47,21,0.9908
48,86,0.9912
49,21,0.9893
1,12,0.9933
2,9,0.9904
3,86,0.9927
4,12,0.9933
5,9,0.9917
6,12,0.9924
7,86,0.9896
8,19,0.9883
9,12,0.991
10,19,0.9955
11,9,0.992
12,16,0.9928
13,12,0.9894
14,19,0.9887
15,10,0.9939
16,12,0.9919
17,12,0.9888
18,16,0.9893
19,12,0.9909
21,12,0.9911
22,10,0.9897
34,19,0.9893
36,21,0.9951
42,9,0.9911
47,12,0.991
48,86,0.9918
49,19,0.9911
1,12,0.9935
2,9,0.9896
3,86,0.99
4,10,0.9902
5,18,0.9899
6,12,0.99
7,21,0.9903
8,19,0.9891
9,12,0.9913
10,19,0.9939
11,9,0.9914
12,12,0.9915
13,71,0.9891
14,19,0.9899
15,15,0.9934
16,16,0.9916
17,12,0.9891
18,9,0.9889
19,9,0.9907
21,12,0.9914
22,12,0.9908
34,86,0.9916
36,21,0.9947
42,21,0.9909
47,12,0.9904
48,71,0.9902
49,19,0.989
1,12,0.9919
2,19,0.9916
3,86,0.9922
4,12,0.9919
5,9,0.9904
6,12,0.99
7,9,0.9909
8,19,0.9902
9,11,0.9911
10,19,0.9937
11,9,0.9923
12,86,0.9902
13,71,0.9901
14,19,0.9904
15,10,0.9931
16,12,0.9917
17,12,0.9892
18,16,0.9894
19,9,0.9909
21,12,0.9913
22,19,0.9887
34,19,0.9921
36,21,0.9943
42,11,0.991
47,12,0.9916
48,86,0.9908
49,19,0.9898
1,12,0.9931
2,12,0.9893
3,12,0.9929
4,10,0.9926
5,9,0.9905
6,12,0.9913
7,19,0.9915
8,19,0.9896
9,12,0.9909
11,21,0.9923
12,16,0.9919
13,86,0.9881
14,19,0.9909
15,13,0.9929
16,16,0.9916
17,12,0.9902
18,16,0.9898
19,21,0.9918
21,11,0.991
22,21,0.9927
34,86,0.9904
36,21,0.9953
42,21,0.9918
47,21,0.9917
48,86,0.9914
49,21,0.9892
1,85,0.9917
2,11,0.9901
3,10,0.9911
4,10,0.9919
5,9,0.9908
6,12,0.9923
7,19,0.9917
8,19,0.9902
9,12,0.9927
11,9,0.9922
12,16,0.9924
13,21,0.9891
14,9,0.992
15,10,0.9943
16,85,0.9917
17,12,0.9901
18,11,0.9883
19,9,0.9924
21,12,0.9934
22,19,0.9918
34,86,0.9904
36,21,0.9956
42,21,0.9905
47,12,0.9911
48,86,0.9916
49,21,0.9892
51,21,0.9904
1,12,0.9936
2,21,0.9908
3,16,0.9928
4,10,0.9911
5,9,0.9913
6,12,0.9923
7,21,0.9913
8,19,0.9897
9,12,0.9928
11,21,0.9926
12,16,0.9938
13,13,0.9895
14,9,0.991
15,12,0.9938
16,85,0.993
17,12,0.9917
18,11,0.9875
19,21,0.991
21,12,0.9926
22,12,0.9915
34,86,0.9884
36,21,0.9961
42,21,0.9942
47,12,0.9907
48,86,0.9919
49,19,0.992
51,21,0.9884
1,12,0.9934
2,21,0.9912
3,76,0.9905
4,12,0.9918
5,9,0.9917
6,12,0.9916
7,19,0.9911
8,12,0.9906
9,12,0.9919
11,12,0.9899
12,16,0.9936
13,86,0.9901
14,12,0.9907
15,12,0.9936
16,12,0.9919
17,12,0.99
18,21,0.9892
19,12,0.9908
21,10,0.9932
22,12,0.9913
34,86,0.989
36,21,0.9956
42,21,0.9942
47,12,0.9896
48,86,0.9918
49,19,0.9904
51,21,0.9898
1,12,0.9931
2,21,0.992
3,86,0.9913
4,10,0.9909
5,9,0.9906
6,12,0.9924
7,19,0.9915
8,12,0.9897
9,12,0.9925
11,9,0.9905
12,16,0.9906
13,13,0.9901
14,21,0.9912
15,12,0.993
16,12,0.9902
17,12,0.9902
18,9,0.9902
19,9,0.9925
21,12,0.9939
22,86,0.989
34,86,0.9908
36,21,0.9949
42,21,0.9925
47,21,0.9915
48,86,0.9922
49,19,0.9897
51,21,0.9908
1,85,0.9919
2,19,0.9912
3,12,0.9909
4,10,0.9928
5,9,0.9906
6,12,0.9927
7,18,0.9911
8,12,0.9891
9,12,0.9922
11,9,0.9927
12,21,0.9936
13,86,0.9906
14,21,0.991
15,12,0.9929
16,12,0.9916
17,12,0.9902
18,19,0.9926
19,9,0.9909
21,12,0.9932
22,12,0.9899
34,86,0.993
36,21,0.9945
42,21,0.9911
47,21,0.9926
48,86,0.9927
49,21,0.9863
51,21,0.9909
1,85,0.9927
2,11,0.99
3,12,0.9909
4,10,0.9932
5,21,0.9911
6,12,0.9929
7,19,0.9932
8,19,0.9886
9,12,0.9928
11,9,0.9922
12,21,0.9925
13,21,0.9882
14,21,0.9906
15,12,0.9934
16,12,0.9912
17,12,0.9906
18,19,0.9922
19,9,0.9907
21,12,0.9939
22,12,0.9919
34,86,0.992
36,21,0.996
42,11,0.9901
47,86,0.993
48,86,0.9929
49,16,0.9891
51,21,0.9921
1,85,0.9932
2,11,0.99
3,12,0.9918
4,16,0.9939
5,9,0.9911
6,12,0.992
7,21,0.9927
8,86,0.9894
9,12,0.9933
11,12,0.9907
12,76,0.9911
13,12,0.9887
14,19,0.9903
15,12,0.9938
16,12,0.9887
17,12,0.9907
18,21,0.9924
19,9,0.9909
21,12,0.9907
22,12,0.9909
34,86,0.9912
36,21,0.9962
42,21,0.9917
47,21,0.994
48,86,0.992
49,16,0.9886
51,21,0.9923
1,12,0.9928
2,11,0.9908
3,12,0.993
4,12,0.9939
5,21,0.9919
6,12,0.9907
7,16,0.993
8,18,0.9895
9,10,0.9916
11,12,0.9911
12,12,0.9911
13,12,0.9879
14,21,0.9899
15,12,0.9932
16,16,0.9906
17,12,0.9911
18,21,0.9933
19,18,0.9907
21,12,0.9915
22,12,0.9919
34,86,0.9912
36,21,0.9972
42,16,0.9925
47,21,0.9936
48,86,0.9917
49,19,0.9909
51,21,0.9934
1,12,0.9917
2,11,0.9908
3,12,0.9931
4,12,0.9925
5,9,0.9914
6,12,0.9908
7,21,0.9936
8,12,0.989
9,12,0.9927
11,9,0.9905
12,12,0.9916
13,12,0.9906
14,19,0.9924
15,12,0.9932
16,10,0.9909
17,12,0.9917
18,19,0.9933
19,9,0.9898
21,12,0.9941
22,12,0.9912
34,86,0.9931
36,19,0.9977
42,9,0.9912
47,21,0.9931
48,86,0.9916
49,19,0.9915
51,71,0.9902
1,12,0.9916
2,21,0.9921
3,12,0.9929
4,12,0.9935
5,9,0.9922
6,12,0.9897
7,21,0.9921
8,18,0.9892
9,12,0.9935
11,21,0.9908
12,12,0.9916
13,71,0.9901
14,12,0.9915
15,12,0.994
16,12,0.9935
17,12,0.9916
18,19,0.9933
19,18,0.9897
21,85,0.9947
22,12,0.9912
34,86,0.9931
36,19,0.9982
42,19,0.9935
47,21,0.9931
48,86,0.9917
49,12,0.9931
51,10,0.9887
1,12,0.9924
2,19,0.9915
3,12,0.9935
4,10,0.9927
5,9,0.992
6,12,0.9893
7,21,0.9904
8,19,0.9897
9,12,0.992
11,12,0.9899
12,12,0.9924
13,12,0.9902
14,12,0.9909
15,12,0.9944
16,12,0.9933
17,12,0.9911
18,19,0.9927
19,12,0.9889
21,85,0.9925
22,13,0.9907
34,86,0.9928
36,86,0.9931
42,21,0.9908
47,21,0.9933
48,86,0.9914
49,12,0.9921
51,11,0.9875
1,85,0.9926
2,21,0.9909
3,12,0.9922
4,10,0.9936
5,21,0.9913
6,12,0.9912
7,86,0.991
8,9,0.989
9,12,0.994
11,19,0.9919
12,16,0.9923
13,86,0.9908
14,19,0.9917
15,12,0.9942
16,16,0.9931
17,12,0.9922
18,19,0.9938
19,18,0.9898
21,12,0.9918
22,13,0.9911
34,86,0.9925
36,21,0.9891
42,21,0.9923
47,21,0.9908
48,86,0.9917
49,12,0.9932
51,12,0.9876
1,85,0.9916
2,21,0.9907
3,12,0.9939
4,10,0.9947
5,18,0.9926
6,12,0.9927
7,86,0.9919
8,19,0.9909
9,12,0.9939
11,21,0.991
12,16,0.993
13,21,0.99
14,21,0.9919
15,12,0.9939
16,12,0.9916
17,12,0.9914
18,9,0.9912
19,18,0.991
21,85,0.9919
22,13,0.9928
34,86,0.9928
36,21,0.9919
42,18,0.9909
47,13,0.9894
48,86,0.9921
49,12,0.9933
51,13,0.9864
1,85,0.9915
2,11,0.9906
3,12,0.9935
4,10,0.9947
5,9,0.9919
6,12,0.992
7,19,0.9907
8,19,0.9901
9,12,0.9942
11,9,0.9916
12,16,0.9937
13,86,0.9896
14,21,0.9921
15,12,0.9946
16,12,0.9928
17,12,0.9932
18,12,0.992
19,11,0.9896
21,85,0.9935
22,12,0.9919
34,86,0.9929
36,11,0.9912
42,86,0.9915
47,19,0.9884
48,86,0.9933
49,12,0.994
51,71,0.9864
1,21,0.9918
2,12,0.9913
3,10,0.9938
4,12,0.9942
5,9,0.9909
6,12,0.9925
7,21,0.9907
8,86,0.9898
9,12,0.9934
11,9,0.9904
12,21,0.9931
13,86,0.992
14,12,0.9921
15,12,0.9931
16,12,0.9919
17,12,0.9931
18,12,0.9916
19,18,0.9906
21,85,0.9932
22,12,0.9932
34,86,0.9928
36,86,0.9914
42,21,0.992
47,12,0.9885
48,86,0.9926
49,12,0.9937
51,71,0.9869
1,85,0.9922
2,86,0.992
3,86,0.9944
4,10,0.9948
5,9,0.9915
6,12,0.9929
7,86,0.99
8,19,0.9886
9,76,0.9931
11,12,0.9909
12,21,0.9927
13,86,0.9901
14,21,0.9919
15,12,0.9948
16,12,0.994
17,12,0.9935
18,12,0.9921
19,11,0.9901
21,12,0.9918
22,12,0.9942
34,86,0.9925
36,13,0.9909
42,12,0.9918
47,11,0.9888
48,86,0.9923
49,86,0.9944
51,11,0.9882
1,12,0.9921
2,21,0.9922
3,12,0.994
4,12,0.9946
5,9,0.9914
6,12,0.9925
7,19,0.992
8,9,0.9891
9,12,0.9924
11,9,0.9914
12,12,0.9923
13,13,0.9884
14,12,0.9923
15,12,0.9951
16,12,0.9926
17,12,0.994
18,86,0.9915
19,12,0.9916
21,12,0.9926
22,12,0.9955
34,86,0.9927
36,11,0.9913
42,18,0.9911
47,13,0.9876
48,86,0.992
49,12,0.9946
51,13,0.989
1,85,0.9922
2,21,0.991
3,10,0.9939
4,12,0.9941
5,12,0.9926
6,12,0.992
7,21,0.9931
8,18,0.9893
9,12,0.9922
11,86,0.993
12,16,0.9917
13,12,0.9908
14,12,0.9922
15,12,0.9937
16,12,0.9924
17,12,0.9932
18,21,0.9923
19,19,0.9921
21,12,0.9929
22,12,0.9933
34,86,0.9925
36,16,0.9905
42,19,0.9922
47,13,0.9884
48,86,0.9921
49,21,0.9948
51,86,0.9884
1,85,0.9927
2,86,0.9918
3,12,0.9941
4,12,0.9948
5,9,0.991
6,12,0.9918
7,19,0.9929
8,12,0.9907
9,12,0.9929
11,9,0.9911
12,12,0.9925
13,86,0.9914
14,12,0.9928
15,12,0.9923
16,12,0.9939
17,12,0.9931
18,12,0.9915
19,21,0.9913
21,12,0.9928
22,12,0.9941
34,86,0.9915
36,11,0.9914
42,12,0.9915
47,13,0.9883
48,86,0.9919
49,21,0.9946
51,13,0.9879
1,12,0.9926
2,21,0.992
3,11,0.9935
4,12,0.9949
5,12,0.9919
6,12,0.9917
7,19,0.9926
8,18,0.99
9,12,0.9938
11,9,0.9913
12,12,0.9937
13,12,0.9911
14,19,0.9915
15,12,0.9933
16,11,0.9943
17,12,0.9932
18,19,0.9927
19,21,0.9925
21,85,0.9936
22,12,0.9925
34,86,0.9914
36,11,0.9909
42,19,0.9916
47,12,0.9902
48,86,0.9915
49,21,0.9953
51,21,0.9906
1,12,0.9926
2,21,0.9913
3,12,0.9949
4,12,0.9941
5,9,0.9923
6,12,0.9913
7,86,0.992
8,12,0.9906
9,12,0.9938
11,9,0.9915
12,16,0.994
13,21,0.991
14,12,0.9917
15,12,0.9928
16,12,0.995
17,12,0.9934
18,19,0.9925
19,21,0.9907
21,85,0.9924
22,12,0.9929
34,86,0.992
36,11,0.9916
42,12,0.9907
47,12,0.9922
48,86,0.992
49,21,0.9947
51,12,0.9904
1,12,0.993
2,21,0.9922
3,12,0.9949
4,12,0.9927
5,9,0.9927
6,12,0.9916
7,21,0.9911
8,12,0.9895
9,12,0.9923
11,9,0.9913
12,86,0.9929
13,12,0.992
14,12,0.9908
15,12,0.9923
16,12,0.9944
17,12,0.9921
18,12,0.9926
19,21,0.9917
21,85,0.992
22,13,0.9924
34,86,0.9896
36,11,0.99
42,86,0.9911
47,21,0.9886
48,86,0.9916
49,86,0.9916
51,86,0.9891
1,85,0.9938
2,86,0.9905
3,12,0.9949
4,12,0.9921
5,9,0.9926
6,12,0.9925
7,86,0.9918
8,19,0.9892
9,12,0.9923
11,9,0.9914
12,86,0.9939
13,86,0.9927
14,12,0.9918
15,12,0.9918
16,12,0.9941
17,12,0.9925
18,12,0.9914
19,9,0.9915
21,85,0.9936
22,13,0.9912
34,86,0.9898
36,12,0.9902
42,21,0.9922
47,86,0.9927
48,86,0.9911
49,86,0.9918
51,11,0.991
1,85,0.9935
2,21,0.9905
3,12,0.9946
4,12,0.9941
5,9,0.9927
6,12,0.993
7,86,0.9918
8,86,0.9892
9,12,0.9939
11,9,0.992
12,12,0.993
13,86,0.992
14,12,0.9918
15,12,0.9927
16,12,0.9942
17,12,0.9934
18,86,0.9916
19,21,0.9926
21,85,0.9933
22,13,0.9912
34,86,0.9921
36,11,0.9927
42,19,0.9924
47,11,0.9904
48,86,0.9917
49,86,0.9926
51,11,0.9903
1,12,0.9938
2,86,0.9916
3,86,0.9943
4,12,0.9952
5,9,0.9925
6,12,0.9939
7,86,0.9915
8,86,0.9913
9,12,0.9937
11,9,0.9908
12,19,0.9945
13,71,0.9908
14,12,0.9919
15,12,0.9938
16,12,0.9954
17,85,0.9938
18,19,0.9912
19,21,0.9921
21,85,0.9946
22,13,0.9922
34,86,0.9913
36,86,0.9917
42,21,0.9909
47,86,0.9899
48,86,0.9919
49,86,0.9922
51,11,0.99
1,12,0.9933
2,21,0.9921
3,12,0.9932
4,12,0.9946
5,9,0.9926
6,12,0.9943
7,86,0.9914
8,12,0.9892
9,12,0.9945
11,9,0.9911
12,86,0.9938
13,13,0.9898
14,12,0.9933
15,12,0.9917
16,12,0.9957
17,12,0.9936
18,21,0.9912
19,21,0.994
21,12,0.9937
22,12,0.992
34,86,0.9915
36,11,0.9918
42,21,0.9922
47,11,0.9907
48,86,0.9923
49,19,0.9919
51,11,0.9886
1,12,0.9929
2,86,0.9934
3,12,0.9936
4,12,0.9953
5,9,0.9923
6,12,0.9939
7,12,0.9919
8,9,0.9894
9,12,0.9936
11,9,0.9911
12,12,0.9936
13,86,0.991
14,12,0.9918
15,12,0.992
16,12,0.9957
17,12,0.9931
18,19,0.9906
19,86,0.9942
21,12,0.9932
22,12,0.9917
34,86,0.9915
36,86,0.992
42,12,0.9922
47,86,0.9917
48,86,0.992
49,86,0.9924
51,11,0.9909
1,12,0.9924
2,86,0.9922
3,12,0.9941
4,12,0.9955
5,9,0.9921
6,12,0.993
7,86,0.991
8,9,0.9885
9,12,0.993
11,9,0.9912
12,86,0.9932
13,86,0.9905
14,12,0.9918
15,12,0.9919
16,12,0.9947
17,12,0.9932
18,18,0.9909
19,21,0.9932
21,12,0.9935
22,21,0.9917
34,86,0.9915
36,11,0.9915
42,21,0.9918
47,12,0.9912
48,86,0.9927
49,86,0.9918
51,65,0.992
1,12,0.9925
2,86,0.9912
3,12,0.9935
4,12,0.9944
5,21,0.9911
6,12,0.9935
7,18,0.9899
8,18,0.991
9,12,0.9934
11,9,0.9907
12,86,0.9932
13,86,0.9907
14,19,0.9925
15,12,0.9916
16,12,0.9959
17,12,0.9938
18,21,0.9916
19,21,0.9934
21,85,0.995
22,12,0.9921
34,86,0.9921
36,11,0.9914
42,86,0.9915
47,86,0.99
48,86,0.9934
49,86,0.9924
51,11,0.9925
1,12,0.9912
2,86,0.9923
3,12,0.995
4,12,0.9939
5,9,0.9922
6,12,0.9932
7,86,0.9934
8,18,0.9902
9,12,0.9934
11,11,0.9927
12,12,0.9936
13,86,0.9899
14,19,0.9917
15,12,0.9923
16,12,0.9954
17,12,0.9939
18,86,0.9919
19,9,0.9902
21,12,0.9957
22,12,0.9911
34,86,0.991
36,11,0.9916
42,19,0.9913
47,11,0.9912
48,86,0.992
49,19,0.9926
51,11,0.9925
1,12,0.9924
2,86,0.9931
3,12,0.9948
4,12,0.995
5,9,0.9918
6,12,0.9925
7,86,0.9931
8,18,0.9899
9,12,0.9937
11,11,0.9931
12,12,0.9933
13,86,0.9911
14,12,0.9921
15,12,0.9925
16,12,0.9962
17,12,0.9926
18,21,0.9915
19,21,0.9907
21,12,0.9951
22,12,0.993
34,86,0.9913
36,11,0.9916
42,12,0.991
47,86,0.9917
48,86,0.9913
49,12,0.9917
51,65,0.9922
1,12,0.9923
2,12,0.9908
3,12,0.9916
4,12,0.9936
5,21,0.9907
6,12,0.9934
7,86,0.9924
8,18,0.9911
9,12,0.9941
11,86,0.9911
12,12,0.9948
13,12,0.992
14,12,0.9911
15,12,0.9936
16,12,0.9925
17,12,0.9925
18,19,0.9929
19,9,0.9901
21,12,0.994
22,12,0.9967
34,86,0.9934
36,11,0.9918
42,86,0.993
47,19,0.9947
48,11,0.9909
49,19,0.9895
51,11,0.9929
